date,close,N_price
2007/10/16,19030,19.03
2007/10/17,18970,18.97
2007/10/18,18920,18.92
2007/10/19,18900,18.9
2007/10/22,18730,18.73
2007/10/23,18530,18.53
2007/10/24,18340,18.34
2007/10/25,17750,17.75
2007/10/26,18100,18.1
2007/10/29,18030,18.03
2007/10/30,17900,17.9
2007/10/31,17900,17.9
2007/11/1,17910,17.91
2007/11/2,18000,18
2007/11/5,18330,18.33
2007/11/6,18440,18.44
2007/11/7,18470,18.47
2007/11/8,18180,18.18
2007/11/9,18280,18.28
2007/11/12,18110,18.11
2007/11/13,17890,17.89
2007/11/14,17880,17.88
2007/11/15,17880,17.88
2007/11/16,17810,17.81
2007/11/19,17840,17.84
2007/11/20,17650,17.65
2007/11/21,17550,17.55
2007/11/22,17800,17.8
2007/11/23,17840,17.84
2007/11/26,17780,17.78
2007/11/27,17800,17.8
2007/11/28,17760,17.76
2007/11/29,17850,17.85
2007/11/30,17760,17.76
2007/12/3,17730,17.73
2007/12/4,17680,17.68
2007/12/5,17740,17.74
2007/12/6,17760,17.76
2007/12/7,17750,17.75
2007/12/10,17680,17.68
2007/12/11,17690,17.69
2007/12/12,17560,17.56
2007/12/13,17600,17.6
2007/12/14,17620,17.62
2007/12/17,17590,17.59
2007/12/18,17770,17.77
2007/12/19,17840,17.84
2007/12/20,17850,17.85
2007/12/21,17850,17.85
2007/12/24,18250,18.25
2007/12/25,17960,17.96
2007/12/26,17950,17.95
2007/12/27,17900,17.9
2007/12/28,17810,17.81
2008/1/2,17730,17.73
2008/1/3,17770,17.77
2008/1/4,18070,18.07
2008/1/7,17890,17.89
2008/1/8,17920,17.92
2008/1/9,18000,18
2008/1/10,17950,17.95
2008/1/11,17970,17.97
2008/1/14,17870,17.87
2008/1/15,17870,17.87
2008/1/16,17980,17.98
2008/1/17,18020,18.02
2008/1/18,18060,18.06
2008/1/21,18060,18.06
2008/1/22,17990,17.99
2008/1/23,18180,18.18
2008/1/24,18330,18.33
2008/1/25,18450,18.45
2008/1/28,18450,18.45
2008/1/29,19000,19
2008/1/30,19370,19.37
2008/1/31,19560,19.56
2008/2/1,19610,19.61
2008/2/4,19520,19.52
2008/2/5,19410,19.41
2008/2/13,19090,19.09
2008/2/14,19450,19.45
2008/2/15,19380,19.38
2008/2/18,19470,19.47
2008/2/19,19310,19.31
2008/2/20,19250,19.25
2008/2/21,19390,19.39
2008/2/22,19590,19.59
2008/2/25,19600,19.6
2008/2/26,19350,19.35
2008/2/27,19510,19.51
2008/2/28,19810,19.81
2008/2/29,19710,19.71
2008/3/3,19900,19.9
2008/3/4,20100,20.1
2008/3/5,20330,20.33
2008/3/6,20690,20.69
2008/3/7,20740,20.74
2008/3/10,20140,20.14
2008/3/11,19900,19.9
2008/3/12,19280,19.28
2008/3/13,19400,19.4
2008/3/14,19420,19.42
2008/3/17,19380,19.38
2008/3/18,18940,18.94
2008/3/19,19150,19.15
2008/3/20,18900,18.9
2008/3/21,19210,19.21
2008/3/24,19170,19.17
2008/3/25,19440,19.44
2008/3/26,19250,19.25
2008/3/27,19270,19.27
2008/3/28,19230,19.23
2008/3/31,19190,19.19
2008/4/1,18950,18.95
2008/4/2,19020,19.02
2008/4/3,19080,19.08
2008/4/7,19030,19.03
2008/4/8,18990,18.99
2008/4/9,19010,19.01
2008/4/10,19080,19.08
2008/4/11,18950,18.95
2008/4/14,18700,18.7
2008/4/15,18720,18.72
2008/4/16,18830,18.83
2008/4/17,18905,18.905
2008/4/18,18870,18.87
2008/4/21,18700,18.7
2008/4/22,18740,18.74
2008/4/23,18820,18.82
2008/4/24,18850,18.85
2008/4/25,18700,18.7
2008/4/28,18755,18.755
2008/4/29,18640,18.64
2008/4/30,18550,18.55
2008/5/5,18380,18.38
2008/5/6,18500,18.5
2008/5/7,18515,18.515
2008/5/8,18500,18.5
2008/5/9,18450,18.45
2008/5/12,18405,18.405
2008/5/13,18490,18.49
2008/5/14,18550,18.55
2008/5/15,18545,18.545
2008/5/16,19110,19.11
2008/5/19,18960,18.96
2008/5/20,18915,18.915
2008/5/21,18630,18.63
2008/5/22,18850,18.85
2008/5/23,18760,18.76
2008/5/26,18870,18.87
2008/5/27,18735,18.735
2008/5/28,18760,18.76
2008/5/29,18600,18.6
2008/5/30,18540,18.54
2008/6/2,18460,18.46
2008/6/3,18520,18.52
2008/6/4,18480,18.48
2008/6/5,18495,18.495
2008/6/6,18570,18.57
2008/6/10,18600,18.6
2008/6/11,18620,18.62
2008/6/12,18610,18.61
2008/6/13,18510,18.51
2008/6/16,18450,18.45
2008/6/17,18645,18.645
2008/6/18,18910,18.91
2008/6/19,18780,18.78
2008/6/20,18940,18.94
2008/6/23,18950,18.95
2008/6/24,18780,18.78
2008/6/25,18750,18.75
2008/6/26,18740,18.74
2008/6/27,18710,18.71
2008/6/30,18730,18.73
2008/7/1,18785,18.785
2008/7/2,19095,19.095
2008/7/3,19120,19.12
2008/7/4,19015,19.015
2008/7/7,19300,19.3
2008/7/8,19390,19.39
2008/7/9,19120,19.12
2008/7/10,19210,19.21
2008/7/11,19370,19.37
2008/7/14,19270,19.27
2008/7/15,19120,19.12
2008/7/16,19180,19.18
2008/7/17,18970,18.97
2008/7/18,18945,18.945
2008/7/21,18800,18.8
2008/7/22,18910,18.91
2008/7/23,18810,18.81
2008/7/24,18805,18.805
2008/7/25,18800,18.8
2008/7/28,18805,18.805
2008/7/29,18770,18.77
2008/7/30,18720,18.72
2008/7/31,18815,18.815
2008/8/1,18675,18.675
2008/8/4,18720,18.72
2008/8/5,18445,18.445
2008/8/6,18550,18.55
2008/8/7,18540,18.54
2008/8/8,18500,18.5
2008/8/11,18270,18.27
2008/8/12,18020,18.02
2008/8/13,18080,18.08
2008/8/14,18135,18.135
2008/8/15,17900,17.9
2008/8/18,18155,18.155
2008/8/19,17695,17.695
2008/8/20,17830,17.83
2008/8/21,17870,17.87
2008/8/22,17900,17.9
2008/8/25,17770,17.77
2008/8/26,17700,17.7
2008/8/27,17735,17.735
2008/8/28,17585,17.585
2008/8/29,17400,17.4
2008/9/1,17180,17.18
2008/9/2,16930,16.93
2008/9/3,16850,16.85
2008/9/4,16880,16.88
2008/9/5,16910,16.91
2008/9/8,16930,16.93
2008/9/9,16665,16.665
2008/9/10,16395,16.395
2008/9/11,16365,16.365
2008/9/12,16415,16.415
2008/9/16,15825,15.825
2008/9/17,15695,15.695
2008/9/18,15370,15.37
2008/9/19,15515,15.515
2008/9/22,15800,15.8
2008/9/23,15480,15.48
2008/9/24,15150,15.15
2008/9/25,15260,15.26
2008/9/26,15400,15.4
2008/10/6,14635,14.635
2008/10/7,14140,14.14
2008/10/8,14005,14.005
2008/10/9,13955,13.955
2008/10/10,13250,13.25
2008/10/13,13735,13.735
2008/10/14,14040,14.04
2008/10/15,14020,14.02
2008/10/16,13340,13.34
2008/10/17,14080,14.08
2008/10/20,14450,14.45
2008/10/21,13950,13.95
2008/10/22,13800,13.8
2008/10/23,13790,13.79
2008/10/24,13700,13.7
2008/10/27,13675,13.675
2008/10/28,14025,14.025
2008/10/29,14040,14.04
2008/10/30,14180,14.18
2008/10/31,13700,13.7
2008/11/3,13910,13.91
2008/11/4,13740,13.74
2008/11/5,13650,13.65
2008/11/6,13475,13.475
2008/11/7,13620,13.62
2008/11/10,13750,13.75
2008/11/11,13580,13.58
2008/11/12,13585,13.585
2008/11/13,13440,13.44
2008/11/14,13500,13.5
2008/11/17,13560,13.56
2008/11/18,13630,13.63
2008/11/19,13680,13.68
2008/11/20,13350,13.35
2008/11/21,13160,13.16
2008/11/24,13080,13.08
2008/11/25,13180,13.18
2008/11/26,13110,13.11
2008/11/27,12850,12.85
2008/11/28,12590,12.59
2008/12/1,12470,12.47
2008/12/2,11975,11.975
2008/12/3,11620,11.62
2008/12/4,11115,11.115
2008/12/5,10460,10.46
2008/12/8,10750,10.75
2008/12/9,10130,10.13
2008/12/10,10615,10.615
2008/12/11,10710,10.71
2008/12/12,10340,10.34
2008/12/15,10650,10.65
2008/12/16,10390,10.39
2008/12/17,10550,10.55
2008/12/18,10560,10.56
2008/12/19,10715,10.715
2008/12/22,10930,10.93
2008/12/23,10930,10.93
2008/12/24,11255,11.255
2008/12/25,11410,11.41
2008/12/26,11170,11.17
2008/12/29,11290,11.29
2008/12/30,11360,11.36
2008/12/31,11640,11.64
2009/1/5,12030,12.03
2009/1/6,12280,12.28
2009/1/7,12330,12.33
2009/1/8,11920,11.92
2009/1/9,12280,12.28
2009/1/12,12280,12.28
2009/1/13,12120,12.12
2009/1/14,12250,12.25
2009/1/15,12180,12.18
2009/1/16,12220,12.22
2009/1/19,12210,12.21
2009/1/20,11820,11.82
2009/1/21,11670,11.67
2009/1/22,11650,11.65
2009/1/23,11760,11.76
2009/2/2,11720,11.72
2009/2/3,11920,11.92
2009/2/4,11900,11.9
2009/2/5,11850,11.85
2009/2/6,11925,11.925
2009/2/9,12200,12.2
2009/2/10,12150,12.15
2009/2/11,11950,11.95
2009/2/12,12065,12.065
2009/2/13,12140,12.14
2009/2/16,12040,12.04
2009/2/17,12180,12.18
2009/2/18,12160,12.16
2009/2/19,12150,12.15
2009/2/20,11950,11.95
2009/2/23,11920,11.92
2009/2/24,11860,11.86
2009/2/25,12070,12.07
2009/2/26,12010,12.01
2009/2/27,12030,12.03
2009/3/2,11980,11.98
2009/3/3,11970,11.97
2009/3/4,12000,12
2009/3/5,12030,12.03
2009/3/6,11995,11.995
2009/3/9,11940,11.94
2009/3/10,12000,12
2009/3/11,12080,12.08
2009/3/12,12230,12.23
2009/3/13,12430,12.43
2009/3/16,12705,12.705
2009/3/17,12250,12.25
2009/3/18,12415,12.415
2009/3/19,12800,12.8
2009/3/20,12800,12.8
2009/3/23,13160,13.16
2009/3/24,13020,13.02
2009/3/25,13105,13.105
2009/3/26,13450,13.45
2009/3/27,13475,13.475
2009/3/30,13450,13.45
2009/3/31,13550,13.55
2009/4/1,13480,13.48
2009/4/2,13500,13.5
2009/4/3,13620,13.62
2009/4/7,14200,14.2
2009/4/8,14125,14.125
2009/4/9,14590,14.59
2009/4/10,14750,14.75
2009/4/13,14620,14.62
2009/4/14,14100,14.1
2009/4/15,13610,13.61
2009/4/16,12905,12.905
2009/4/17,13150,13.15
2009/4/20,13130,13.13
2009/4/21,12915,12.915
2009/4/22,13060,13.06
2009/4/23,13230,13.23
2009/4/24,13230,13.23
2009/4/27,12920,12.92
2009/4/28,12680,12.68
2009/4/29,12800,12.8
2009/4/30,12880,12.88
2009/5/4,12985,12.985
2009/5/5,12795,12.795
2009/5/6,12850,12.85
2009/5/7,12890,12.89
2009/5/8,12985,12.985
2009/5/11,12850,12.85
2009/5/12,12980,12.98
2009/5/13,12980,12.98
2009/5/14,12855,12.855
2009/5/15,12850,12.85
2009/5/18,12740,12.74
2009/5/19,12850,12.85
2009/5/20,12800,12.8
2009/5/21,12810,12.81
2009/5/22,12785,12.785
2009/5/25,12810,12.81
2009/5/26,12790,12.79
2009/5/27,12820,12.82
2009/6/1,12965,12.965
2009/6/2,13000,13
2009/6/3,13340,13.34
2009/6/4,13320,13.32
2009/6/5,13630,13.63
2009/6/8,13500,13.5
2009/6/9,13520,13.52
2009/6/10,13680,13.68
2009/6/11,13585,13.585
2009/6/12,13620,13.62
2009/6/15,13500,13.5
2009/6/16,13410,13.41
2009/6/17,13550,13.55
2009/6/18,13560,13.56
2009/6/19,13555,13.555
2009/6/22,13520,13.52
2009/6/23,13435,13.435
2009/6/24,13550,13.55
2009/6/25,13560,13.56
2009/6/26,13610,13.61
2009/6/29,13545,13.545
2009/6/30,13480,13.48
2009/7/1,13560,13.56
2009/7/2,13600,13.6
2009/7/3,13605,13.605
2009/7/6,13610,13.61
2009/7/7,13650,13.65
2009/7/8,13610,13.61
2009/7/9,13595,13.595
2009/7/10,13575,13.575
2009/7/13,13575,13.575
2009/7/14,13510,13.51
2009/7/15,13530,13.53
2009/7/16,13580,13.58
2009/7/17,13700,13.7
2009/7/20,13900,13.9
2009/7/21,13870,13.87
2009/7/22,13865,13.865
2009/7/23,13930,13.93
2009/7/24,14200,14.2
2009/7/27,14830,14.83
2009/7/28,14760,14.76
2009/7/29,14270,14.27
2009/7/30,14650,14.65
2009/7/31,15180,15.18
2009/8/3,14950,14.95
2009/8/4,15010,15.01
2009/8/5,15200,15.2
2009/8/6,15320,15.32
2009/8/7,15000,15
2009/8/10,15260,15.26
2009/8/11,15155,15.155
2009/8/12,14930,14.93
2009/8/13,15210,15.21
2009/8/14,15210,15.21
2009/8/17,14520,14.52
2009/8/18,15130,15.13
2009/8/19,14930,14.93
2009/8/20,14990,14.99
2009/8/21,14860,14.86
2009/8/24,15125,15.125
2009/8/25,14955,14.955
2009/8/26,15030,15.03
2009/8/27,14990,14.99
2009/8/28,15050,15.05
2009/8/31,14905,14.905
2009/9/1,15010,15.01
2009/9/2,14890,14.89
2009/9/3,14980,14.98
2009/9/4,15065,15.065
2009/9/7,15015,15.015
2009/9/8,15135,15.135
2009/9/9,15140,15.14
2009/9/10,15110,15.11
2009/9/11,15040,15.04
2009/9/14,14850,14.85
2009/9/15,14980,14.98
2009/9/16,14980,14.98
2009/9/17,15040,15.04
2009/9/18,14950,14.95
2009/9/21,15020,15.02
2009/9/22,15005,15.005
2009/9/23,14965,14.965
2009/9/24,14965,14.965
2009/9/25,14850,14.85
2009/9/28,14550,14.55
2009/9/29,14710,14.71
2009/9/30,14885,14.885
2009/10/9,14860,14.86
2009/10/12,14925,14.925
2009/10/13,14940,14.94
2009/10/14,14905,14.905
2009/10/15,14860,14.86
2009/10/16,14890,14.89
2009/10/19,14910,14.91
2009/10/20,14910,14.91
2009/10/21,14900,14.9
2009/10/22,14860,14.86
2009/10/23,14915,14.915
2009/10/26,15005,15.005
2009/10/27,14980,14.98
2009/10/28,15025,15.025
2009/10/29,14995,14.995
2009/10/30,15045,15.045
2009/11/2,14965,14.965
2009/11/3,14995,14.995
2009/11/4,14970,14.97
2009/11/5,14955,14.955
2009/11/6,14975,14.975
2009/11/9,14945,14.945
2009/11/10,14920,14.92
2009/11/11,14905,14.905
2009/11/12,14885,14.885
2009/11/13,14890,14.89
2009/11/16,15050,15.05
2009/11/17,15105,15.105
2009/11/18,15190,15.19
2009/11/19,15215,15.215
2009/11/20,15240,15.24
2009/11/23,15480,15.48
2009/11/24,15250,15.25
2009/11/25,15345,15.345
2009/11/26,15370,15.37
2009/11/27,15260,15.26
2009/11/30,15280,15.28
2009/12/1,15370,15.37
2009/12/2,15435,15.435
2009/12/3,15540,15.54
2009/12/4,15520,15.52
2009/12/7,15670,15.67
2009/12/8,15800,15.8
2009/12/9,15630,15.63
2009/12/10,15770,15.77
2009/12/11,15910,15.91
2009/12/14,16200,16.2
2009/12/15,16145,16.145
2009/12/16,16180,16.18
2009/12/17,16160,16.16
2009/12/18,16050,16.05
2009/12/21,16015,16.015
2009/12/22,16005,16.005
2009/12/23,16020,16.02
2009/12/24,16150,16.15
2009/12/25,16145,16.145
2009/12/28,16405,16.405
2009/12/29,16625,16.625
2009/12/30,16630,16.63
2009/12/31,16800,16.8
2010/1/4,16680,16.68
2010/1/5,16945,16.945
2010/1/6,17560,17.56
2010/1/7,17300,17.3
2010/1/8,17065,17.065
2010/1/11,17550,17.55
2010/1/12,17600,17.6
2010/1/13,17000,17
2010/1/14,17170,17.17
2010/1/15,17150,17.15
2010/1/18,17335,17.335
2010/1/19,17300,17.3
2010/1/20,17150,17.15
2010/1/21,17140,17.14
2010/1/22,16725,16.725
2010/1/25,16935,16.935
2010/1/26,16750,16.75
2010/1/27,16720,16.72
2010/1/28,16090,16.09
2010/1/29,15860,15.86
2010/2/1,15800,15.8
2010/2/2,15935,15.935
2010/2/3,16250,16.25
2010/2/4,16070,16.07
2010/2/5,15780,15.78
2010/2/8,15870,15.87
2010/2/9,16020,16.02
2010/2/10,16290,16.29
2010/2/11,16305,16.305
2010/2/12,16500,16.5
2010/2/22,16630,16.63
2010/2/23,16660,16.66
2010/2/24,16500,16.5
2010/2/25,16460,16.46
2010/2/26,16400,16.4
2010/3/1,16520,16.52
2010/3/2,16320,16.32
2010/3/3,16320,16.32
2010/3/4,16355,16.355
2010/3/5,16400,16.4
2010/3/8,16550,16.55
2010/3/9,16430,16.43
2010/3/10,16545,16.545
2010/3/11,16445,16.445
2010/3/12,16380,16.38
2010/3/15,16170,16.17
2010/3/16,16365,16.365
2010/3/17,16480,16.48
2010/3/18,16340,16.34
2010/3/19,16490,16.49
2010/3/22,16355,16.355
2010/3/23,16265,16.265
2010/3/24,16240,16.24
2010/3/25,16080,16.08
2010/3/26,16215,16.215
2010/3/29,16235,16.235
2010/3/30,16290,16.29
2010/3/31,16200,16.2
2010/4/1,16310,16.31
2010/4/2,16330,16.33
2010/4/6,16430,16.43
2010/4/7,16395,16.395
2010/4/8,16260,16.26
2010/4/9,16310,16.31
2010/4/12,16445,16.445
2010/4/13,16400,16.4
2010/4/14,16460,16.46
2010/4/15,16455,16.455
2010/4/16,16630,16.63
2010/4/19,16205,16.205
2010/4/20,16300,16.3
2010/4/21,16300,16.3
2010/4/22,16320,16.32
2010/4/23,16220,16.22
2010/4/26,16290,16.29
2010/4/27,16115,16.115
2010/4/28,15820,15.82
2010/4/29,15855,15.855
2010/4/30,15915,15.915
2010/5/4,15805,15.805
2010/5/5,15630,15.63
2010/5/6,15515,15.515
2010/5/7,15150,15.15
2010/5/10,15360,15.36
2010/5/11,15325,15.325
2010/5/12,15310,15.31
2010/5/13,15350,15.35
2010/5/14,15335,15.335
2010/5/17,14680,14.68
2010/5/18,14900,14.9
2010/5/19,14815,14.815
2010/5/20,14900,14.9
2010/5/21,14845,14.845
2010/5/24,15010,15.01
2010/5/25,14935,14.935
2010/5/26,14930,14.93
2010/5/27,14940,14.94
2010/5/28,15050,15.05
2010/5/31,15005,15.005
2010/6/1,14860,14.86
2010/6/2,14630,14.63
2010/6/3,14685,14.685
2010/6/4,14525,14.525
2010/6/7,13795,13.795
2010/6/8,13885,13.885
2010/6/9,14215,14.215
2010/6/10,14150,14.15
2010/6/11,14355,14.355
2010/6/17,14435,14.435
2010/6/18,14355,14.355
2010/6/21,14770,14.77
2010/6/22,14570,14.57
2010/6/23,14620,14.62
2010/6/24,14700,14.7
2010/6/25,14610,14.61
2010/6/28,14725,14.725
2010/6/29,14610,14.61
2010/6/30,14550,14.55
2010/7/1,14440,14.44
2010/7/2,14605,14.605
2010/7/5,14650,14.65
2010/7/6,14640,14.64
2010/7/7,14650,14.65
2010/7/8,14705,14.705
2010/7/9,14705,14.705
2010/7/12,14620,14.62
2010/7/13,14570,14.57
2010/7/14,14625,14.625
2010/7/15,14705,14.705
2010/7/16,14805,14.805
2010/7/19,14720,14.72
2010/7/20,14850,14.85
2010/7/21,14840,14.84
2010/7/22,14860,14.86
2010/7/23,15070,15.07
2010/7/26,15195,15.195
2010/7/27,15080,15.08
2010/7/28,15280,15.28
2010/7/29,15190,15.19
2010/7/30,15065,15.065
2010/8/2,15380,15.38
2010/8/3,15405,15.405
2010/8/4,15380,15.38
2010/8/5,15360,15.36
2010/8/6,15350,15.35
2010/8/9,15385,15.385
2010/8/10,15220,15.22
2010/8/11,15175,15.175
2010/8/12,15045,15.045
2010/8/13,15240,15.24
2010/8/16,15240,15.24
2010/8/17,15335,15.335
2010/8/18,15320,15.32
2010/8/19,15300,15.3
2010/8/20,15130,15.13
2010/8/23,15140,15.14
2010/8/24,15105,15.105
2010/8/25,15120,15.12
2010/8/26,15140,15.14
2010/8/27,15135,15.135
2010/8/30,15315,15.315
2010/8/31,15250,15.25
2010/9/1,15280,15.28
2010/9/2,15320,15.32
2010/9/3,15350,15.35
2010/9/6,15475,15.475
2010/9/7,15475,15.475
2010/9/8,15440,15.44
2010/9/9,15260,15.26
2010/9/10,15390,15.39
2010/9/13,15355,15.355
2010/9/14,15245,15.245
2010/9/15,15225,15.225
2010/9/16,15370,15.37
2010/9/17,15425,15.425
2010/9/20,15490,15.49
2010/9/21,15440,15.44
2010/9/27,15640,15.64
2010/9/28,15630,15.63
2010/9/29,15660,15.66
2010/9/30,15590,15.59
2010/10/8,15660,15.66
2010/10/11,16210,16.21
2010/10/12,16030,16.03
2010/10/13,16145,16.145
2010/10/14,16120,16.12
2010/10/15,16070,16.07
2010/10/18,16050,16.05
2010/10/19,16205,16.205
2010/10/20,16060,16.06
2010/10/21,16020,16.02
2010/10/22,16200,16.2
2010/10/25,16405,16.405
2010/10/26,16370,16.37
2010/10/27,16165,16.165
2010/10/28,16100,16.1
2010/10/29,16160,16.16
2010/11/1,16220,16.22
2010/11/2,16195,16.195
2010/11/3,16200,16.2
2010/11/4,16290,16.29
2010/11/5,16540,16.54
2010/11/8,16485,16.485
2010/11/9,16580,16.58
2010/11/10,16560,16.56
2010/11/11,16620,16.62
2010/11/12,16120,16.12
2010/11/16,16300,16.3
2010/11/17,15670,15.67
2010/11/18,16130,16.13
2010/11/19,16200,16.2
2010/11/22,16110,16.11
2010/11/23,15885,15.885
2010/11/24,16025,16.025
2010/11/25,15990,15.99
2010/11/26,15920,15.92
2010/11/29,15925,15.925
2010/11/30,15880,15.88
2010/12/1,15885,15.885
2010/12/2,16020,16.02
2010/12/3,16000,16
2010/12/6,16015,16.015
2010/12/7,16010,16.01
2010/12/8,15905,15.905
2010/12/9,15970,15.97
2010/12/10,15975,15.975
2010/12/13,15990,15.99
2010/12/14,15950,15.95
2010/12/15,16085,16.085
2010/12/16,16215,16.215
2010/12/17,16250,16.25
2010/12/20,16235,16.235
2010/12/21,16310,16.31
2010/12/22,16390,16.39
2010/12/23,16440,16.44
2010/12/24,16395,16.395
2010/12/27,16375,16.375
2010/12/28,16385,16.385
2010/12/29,16420,16.42
2010/12/30,16425,16.425
2010/12/31,16440,16.44
2011/1/4,16565,16.565
2011/1/5,16520,16.52
2011/1/6,16645,16.645
2011/1/7,16540,16.54
2011/1/10,16610,16.61
2011/1/11,16600,16.6
2011/1/12,16620,16.62
2011/1/13,16630,16.63
2011/1/14,16580,16.58
2011/1/17,16545,16.545
2011/1/18,16560,16.56
2011/1/19,16650,16.65
2011/1/20,16645,16.645
2011/1/21,16640,16.64
2011/1/24,16670,16.67
2011/1/25,16600,16.6
2011/1/26,16560,16.56
2011/1/27,16560,16.56
2011/1/28,16585,16.585
2011/1/31,16620,16.62
2011/2/1,16810,16.81
2011/2/9,16705,16.705
2011/2/10,16770,16.77
2011/2/11,16810,16.81
2011/2/14,16780,16.78
2011/2/15,16765,16.765
2011/2/16,16925,16.925
2011/2/17,16860,16.86
2011/2/18,16845,16.845
2011/2/21,16970,16.97
2011/2/22,16890,16.89
2011/2/23,16755,16.755
2011/2/24,16775,16.775
2011/2/25,16800,16.8
2011/2/28,16860,16.86
2011/3/1,16740,16.74
2011/3/2,16705,16.705
2011/3/3,16690,16.69
2011/3/4,16710,16.71
2011/3/7,16610,16.61
2011/3/8,16440,16.44
2011/3/9,16550,16.55
2011/3/10,16465,16.465
2011/3/11,16430,16.43
2011/3/14,16460,16.46
2011/3/15,16370,16.37
2011/3/16,16460,16.46
2011/3/17,16350,16.35
2011/3/18,16445,16.445
2011/3/21,16490,16.49
2011/3/22,16545,16.545
2011/3/23,16590,16.59
2011/3/24,16640,16.64
2011/3/25,16680,16.68
2011/3/28,16555,16.555
2011/3/29,16615,16.615
2011/3/30,16600,16.6
2011/3/31,16535,16.535
2011/4/1,16550,16.55
2011/4/6,16590,16.59
2011/4/7,16605,16.605
2011/4/8,16650,16.65
2011/4/11,16655,16.655
2011/4/12,16580,16.58
2011/4/13,16600,16.6
2011/4/14,16530,16.53
2011/4/15,16535,16.535
2011/4/18,16650,16.65
2011/4/19,16550,16.55
2011/4/20,16670,16.67
2011/4/21,16640,16.64
2011/4/22,16640,16.64
2011/4/25,16650,16.65
2011/4/26,16650,16.65
2011/4/27,16625,16.625
2011/4/28,16625,16.625
2011/4/29,16600,16.6
2011/5/3,16620,16.62
2011/5/4,16620,16.62
2011/5/5,16575,16.575
2011/5/6,16430,16.43
2011/5/9,16540,16.54
2011/5/10,16550,16.55
2011/5/11,16585,16.585
2011/5/12,16540,16.54
2011/5/13,16605,16.605
2011/5/16,16540,16.54
2011/5/17,16580,16.58
2011/5/18,16530,16.53
2011/5/19,16570,16.57
2011/5/20,16570,16.57
2011/5/23,16535,16.535
2011/5/24,16615,16.615
2011/5/25,16655,16.655
2011/5/26,16670,16.67
2011/5/27,16660,16.66
2011/5/30,16700,16.7
2011/5/31,16805,16.805
2011/6/1,16790,16.79
2011/6/2,16785,16.785
2011/6/3,16900,16.9
2011/6/7,17155,17.155
2011/6/8,17120,17.12
2011/6/9,17095,17.095
2011/6/10,17115,17.115
2011/6/13,17075,17.075
2011/6/14,17110,17.11
2011/6/15,17125,17.125
2011/6/16,16935,16.935
2011/6/17,16970,16.97
2011/6/20,16940,16.94
2011/6/21,17040,17.04
2011/6/22,17030,17.03
2011/6/23,17045,17.045
2011/6/24,17085,17.085
2011/6/27,17055,17.055
2011/6/28,17110,17.11
2011/6/29,17175,17.175
2011/6/30,17285,17.285
2011/7/1,17330,17.33
2011/7/4,17455,17.455
2011/7/5,17420,17.42
2011/7/6,17510,17.51
2011/7/7,17490,17.49
2011/7/8,17510,17.51
2011/7/11,17470,17.47
2011/7/12,17400,17.4
2011/7/13,17510,17.51
2011/7/14,17490,17.49
2011/7/15,17600,17.6
2011/7/18,17650,17.65
2011/7/19,17730,17.73
2011/7/20,17695,17.695
2011/7/21,17635,17.635
2011/7/22,17740,17.74
2011/7/25,17750,17.75
2011/7/26,18070,18.07
2011/7/27,18395,18.395
2011/7/28,18445,18.445
2011/7/29,18350,18.35
2011/8/1,18560,18.56
2011/8/2,18420,18.42
2011/8/3,18575,18.575
2011/8/4,18335,18.335
2011/8/5,17635,17.635
2011/8/8,17435,17.435
2011/8/9,17620,17.62
2011/8/10,17955,17.955
2011/8/11,18060,18.06
2011/8/12,17935,17.935
2011/8/15,17920,17.92
2011/8/16,17500,17.5
2011/8/17,17560,17.56
2011/8/18,17400,17.4
2011/8/19,17490,17.49
2011/8/22,17470,17.47
2011/8/23,17550,17.55
2011/8/24,17545,17.545
2011/8/25,17595,17.595
2011/8/26,17640,17.64
2011/8/29,17595,17.595
2011/8/30,17655,17.655
2011/8/31,17725,17.725
2011/9/1,17710,17.71
2011/9/2,17730,17.73
2011/9/5,17695,17.695
2011/9/6,17690,17.69
2011/9/7,17755,17.755
2011/9/8,17820,17.82
2011/9/9,17870,17.87
2011/9/13,17780,17.78
2011/9/14,17620,17.62
2011/9/15,17750,17.75
2011/9/16,17515,17.515
2011/9/19,17300,17.3
2011/9/20,17380,17.38
2011/9/21,17480,17.48
2011/9/22,17340,17.34
2011/9/23,16740,16.74
2011/9/26,16585,16.585
2011/9/27,16930,16.93
2011/9/28,17000,17
2011/9/29,16780,16.78
2011/9/30,16935,16.935
2011/10/10,16940,16.94
2011/10/11,16950,16.95
2011/10/12,16990,16.99
2011/10/13,16900,16.9
2011/10/14,16905,16.905
2011/10/17,16790,16.79
2011/10/18,16545,16.545
2011/10/19,16540,16.54
2011/10/20,16320,16.32
2011/10/21,16380,16.38
2011/10/24,16575,16.575
2011/10/25,16365,16.365
2011/10/26,16365,16.365
2011/10/27,16420,16.42
2011/10/28,16465,16.465
2011/10/31,16360,16.36
2011/11/1,16325,16.325
2011/11/2,16265,16.265
2011/11/3,16145,16.145
2011/11/4,16340,16.34
2011/11/7,16240,16.24
2011/11/8,16210,16.21
2011/11/9,16230,16.23
2011/11/10,15985,15.985
2011/11/11,16060,16.06
2011/11/14,16155,16.155
2011/11/15,16160,16.16
2011/11/16,16070,16.07
2011/11/17,16095,16.095
2011/11/18,15950,15.95
2011/11/21,15955,15.955
2011/11/22,15930,15.93
2011/11/23,15865,15.865
2011/11/24,15870,15.87
2011/11/25,15800,15.8
2011/11/28,15850,15.85
2011/11/29,15950,15.95
2011/11/30,15875,15.875
2011/12/1,16185,16.185
2011/12/2,16250,16.25
2011/12/5,16205,16.205
2011/12/6,16175,16.175
2011/12/7,16180,16.18
2011/12/8,16130,16.13
2011/12/9,16140,16.14
2011/12/12,16150,16.15
2011/12/13,16100,16.1
2011/12/14,15930,15.93
2011/12/15,15800,15.8
2011/12/16,16000,16
2011/12/19,15905,15.905
2011/12/20,15950,15.95
2011/12/21,16035,16.035
2011/12/22,16005,16.005
2011/12/23,16050,16.05
2011/12/26,15980,15.98
2011/12/27,16020,16.02
2011/12/28,16005,16.005
2011/12/29,15950,15.95
2011/12/30,16080,16.08
2012/1/4,16030,16.03
2012/1/5,16020,16.02
2012/1/6,15950,15.95
2012/1/9,15960,15.96
2012/1/10,15975,15.975
2012/1/11,16060,16.06
2012/1/12,16000,16
2012/1/13,16035,16.035
2012/1/16,16120,16.12
2012/1/17,16195,16.195
2012/1/18,16175,16.175
2012/1/19,16200,16.2
2012/1/20,16180,16.18
2012/1/30,16085,16.085
2012/1/31,16120,16.12
2012/2/1,16030,16.03
2012/2/2,16045,16.045
2012/2/3,15985,15.985
2012/2/6,16000,16
2012/2/7,15930,15.93
2012/2/8,16005,16.005
2012/2/9,15960,15.96
2012/2/10,15965,15.965
2012/2/13,15955,15.955
2012/2/14,15910,15.91
2012/2/15,15935,15.935
2012/2/16,15940,15.94
2012/2/17,15985,15.985
2012/2/20,15955,15.955
2012/2/21,16010,16.01
2012/2/22,16065,16.065
2012/2/23,16025,16.025
2012/2/24,15990,15.99
2012/2/27,16060,16.06
2012/2/28,16060,16.06
2012/2/29,16055,16.055
2012/3/1,15975,15.975
2012/3/2,16035,16.035
2012/3/5,16000,16
2012/3/6,15960,15.96
2012/3/7,15945,15.945
2012/3/8,15960,15.96
2012/3/9,15960,15.96
2012/3/12,15945,15.945
2012/3/13,15970,15.97
2012/3/14,15900,15.9
2012/3/15,15920,15.92
2012/3/16,16025,16.025
2012/3/19,16045,16.045
2012/3/20,16050,16.05
2012/3/21,16040,16.04
2012/3/22,16010,16.01
2012/3/23,16005,16.005
2012/3/26,16035,16.035
2012/3/27,16035,16.035
2012/3/28,16020,16.02
2012/3/29,15995,15.995
2012/3/30,15960,15.96
2012/4/5,15970,15.97
2012/4/6,16010,16.01
2012/4/9,16010,16.01
2012/4/10,15990,15.99
2012/4/11,15950,15.95
2012/4/12,15650,15.65
2012/4/13,15930,15.93
2012/4/16,15910,15.91
2012/4/17,15940,15.94
2012/4/18,16005,16.005
2012/4/19,16000,16
2012/4/20,16020,16.02
2012/4/23,16015,16.015
2012/4/24,16040,16.04
2012/4/25,16060,16.06
2012/4/26,16080,16.08
2012/4/27,16060,16.06
2012/5/2,16150,16.15
2012/5/3,16180,16.18
2012/5/4,16165,16.165
2012/5/7,16150,16.15
2012/5/8,16130,16.13
2012/5/9,16070,16.07
2012/5/10,16060,16.06
2012/5/11,16015,16.015
2012/5/14,15960,15.96
2012/5/15,15975,15.975
2012/5/16,15950,15.95
2012/5/17,16020,16.02
2012/5/18,16000,16
2012/5/21,16085,16.085
2012/5/22,16025,16.025
2012/5/23,15950,15.95
2012/5/24,15955,15.955
2012/5/25,15995,15.995
2012/5/28,16020,16.02
2012/5/29,16010,16.01
2012/5/30,15965,15.965
2012/5/31,15940,15.94
2012/6/1,15960,15.96
2012/6/4,15880,15.88
2012/6/5,15940,15.94
2012/6/6,15930,15.93
2012/6/7,15905,15.905
2012/6/8,15905,15.905
2012/6/11,15920,15.92
2012/6/12,15860,15.86
2012/6/13,15895,15.895
2012/6/14,15885,15.885
2012/6/15,15860,15.86
2012/6/18,15865,15.865
2012/6/19,15700,15.7
2012/6/20,15770,15.77
2012/6/21,15640,15.64
2012/6/25,15590,15.59
2012/6/26,15260,15.26
2012/6/27,15240,15.24
2012/6/28,15585,15.585
2012/6/29,15520,15.52
2012/7/2,15570,15.57
2012/7/3,15630,15.63
2012/7/4,15735,15.735
2012/7/5,15745,15.745
2012/7/6,15700,15.7
2012/7/9,15630,15.63
2012/7/10,15610,15.61
2012/7/11,15605,15.605
2012/7/12,15590,15.59
2012/7/13,15600,15.6
2012/7/16,15645,15.645
2012/7/17,15595,15.595
2012/7/18,15580,15.58
2012/7/19,15635,15.635
2012/7/20,15610,15.61
2012/7/23,15455,15.455
2012/7/24,15460,15.46
2012/7/25,15350,15.35
2012/7/26,15415,15.415
2012/7/27,15515,15.515
2012/7/30,15490,15.49
2012/7/31,15540,15.54
2012/8/1,15450,15.45
2012/8/2,15395,15.395
2012/8/3,15390,15.39
2012/8/6,15415,15.415
2012/8/7,15415,15.415
2012/8/8,15455,15.455
2012/8/9,15490,15.49
2012/8/10,15410,15.41
2012/8/13,15430,15.43
2012/8/14,15415,15.415
2012/8/15,15435,15.435
2012/8/16,15290,15.29
2012/8/17,15340,15.34
2012/8/20,15290,15.29
2012/8/21,15290,15.29
2012/8/22,15315,15.315
2012/8/23,15385,15.385
2012/8/24,15395,15.395
2012/8/27,15400,15.4
2012/8/28,15425,15.425
2012/8/29,15435,15.435
2012/8/30,15445,15.445
2012/8/31,15400,15.4
2012/9/3,15440,15.44
2012/9/4,15475,15.475
2012/9/5,15495,15.495
2012/9/6,15535,15.535
2012/9/7,15500,15.5
2012/9/10,15575,15.575
2012/9/11,15530,15.53
2012/9/12,15515,15.515
2012/9/13,15490,15.49
2012/9/14,15625,15.625
2012/9/17,15600,15.6
2012/9/18,15635,15.635
2012/9/19,15670,15.67
2012/9/20,15590,15.59
2012/9/21,15625,15.625
2012/9/24,15530,15.53
2012/9/25,15505,15.505
2012/9/26,15550,15.55
2012/9/27,15525,15.525
2012/9/28,15595,15.595
2012/10/8,15470,15.47
2012/10/9,15430,15.43
2012/10/10,15385,15.385
2012/10/11,15325,15.325
2012/10/12,15310,15.31
2012/10/15,15280,15.28
2012/10/16,15380,15.38
2012/10/17,15380,15.38
2012/10/18,15430,15.43
2012/10/19,15405,15.405
2012/10/22,15350,15.35
2012/10/23,15330,15.33
2012/10/24,15350,15.35
2012/10/25,15320,15.32
2012/10/26,15280,15.28
2012/10/29,15280,15.28
2012/10/30,15190,15.19
2012/10/31,15240,15.24
2012/11/1,15220,15.22
2012/11/2,15225,15.225
2012/11/5,15165,15.165
2012/11/6,15170,15.17
2012/11/7,15170,15.17
2012/11/8,15130,15.13
2012/11/9,15085,15.085
2012/11/12,15050,15.05
2012/11/13,15075,15.075
2012/11/14,15120,15.12
2012/11/15,15190,15.19
2012/11/16,15290,15.29
2012/11/19,15235,15.235
2012/11/20,15230,15.23
2012/11/21,15205,15.205
2012/11/22,15190,15.19
2012/11/23,15190,15.19
2012/11/26,15225,15.225
2012/11/27,15220,15.22
2012/11/28,15215,15.215
2012/11/29,15215,15.215
2012/11/30,15320,15.32
2012/12/3,15230,15.23
2012/12/4,15185,15.185
2012/12/5,15175,15.175
2012/12/6,15115,15.115
2012/12/7,15105,15.105
2012/12/10,15105,15.105
2012/12/11,15080,15.08
2012/12/12,15030,15.03
2012/12/13,15060,15.06
2012/12/14,15055,15.055
2012/12/17,15060,15.06
2012/12/18,15120,15.12
2012/12/19,15110,15.11
2012/12/20,15105,15.105
2012/12/21,15105,15.105
2012/12/24,15110,15.11
2012/12/25,15115,15.115
2012/12/26,15100,15.1
2012/12/27,15115,15.115
2012/12/28,15130,15.13
2012/12/31,15130,15.13
2013/1/4,15120,15.12
2013/1/7,15075,15.075
2013/1/8,15050,15.05
2013/1/9,15040,15.04
2013/1/10,15050,15.05
2013/1/11,15060,15.06
2013/1/14,15010,15.01
2013/1/15,14915,14.915
2013/1/16,15045,15.045
2013/1/17,15045,15.045
2013/1/18,15085,15.085
2013/1/21,15060,15.06
2013/1/22,15065,15.065
2013/1/23,15060,15.06
2013/1/24,15025,15.025
2013/1/25,15020,15.02
2013/1/28,14975,14.975
2013/1/29,14980,14.98
2013/1/30,14990,14.99
2013/1/31,15030,15.03
2013/2/1,14995,14.995
2013/2/4,14990,14.99
2013/2/5,14945,14.945
2013/2/6,14910,14.91
2013/2/7,14870,14.87
2013/2/8,14860,14.86
2013/2/18,14775,14.775
2013/2/19,14855,14.855
2013/2/20,14860,14.86
2013/2/21,14725,14.725
2013/2/22,14750,14.75
2013/2/25,14630,14.63
2013/2/26,14625,14.625
2013/2/27,14640,14.64
2013/2/28,14620,14.62
2013/3/1,14495,14.495
2013/3/4,14415,14.415
2013/3/5,14500,14.5
2013/3/6,14600,14.6
2013/3/7,14690,14.69
2013/3/8,14720,14.72
2013/3/11,14665,14.665
2013/3/12,14600,14.6
2013/3/13,14670,14.67
2013/3/14,14635,14.635
2013/3/15,14600,14.6
2013/3/18,14535,14.535
2013/3/19,14540,14.54
2013/3/20,14580,14.58
2013/3/21,14650,14.65
2013/3/22,14630,14.63
2013/3/25,14610,14.61
2013/3/26,14615,14.615
2013/3/27,14565,14.565
2013/3/28,14570,14.57
2013/3/29,14530,14.53
2013/4/1,14480,14.48
2013/4/2,14550,14.55
2013/4/3,14530,14.53
2013/4/8,14540,14.54
2013/4/9,14585,14.585
2013/4/10,14585,14.585
2013/4/11,14630,14.63
2013/4/12,14650,14.65
2013/4/15,14430,14.43
2013/4/16,14590,14.59
2013/4/17,14565,14.565
2013/4/18,14540,14.54
2013/4/19,14565,14.565
2013/4/22,14475,14.475
2013/4/23,14550,14.55
2013/4/24,14550,14.55
2013/4/25,14570,14.57
2013/4/26,14580,14.58
2013/5/2,14460,14.46
2013/5/3,14500,14.5
2013/5/6,14540,14.54
2013/5/7,14515,14.515
2013/5/8,14550,14.55
2013/5/9,14565,14.565
2013/5/10,14570,14.57
2013/5/13,14540,14.54
2013/5/14,14535,14.535
2013/5/15,14535,14.535
2013/5/16,14545,14.545
2013/5/17,14595,14.595
2013/5/20,14575,14.575
2013/5/21,14615,14.615
2013/5/22,14680,14.68
2013/5/23,14630,14.63
2013/5/24,14680,14.68
2013/5/27,14655,14.655
2013/5/28,14665,14.665
2013/5/29,14700,14.7
2013/5/30,14725,14.725
2013/5/31,14840,14.84
2013/6/3,14845,14.845
2013/6/4,14840,14.84
2013/6/5,14900,14.9
2013/6/6,14910,14.91
2013/6/7,14930,14.93
2013/6/13,14810,14.81
2013/6/14,14775,14.775
2013/6/17,14765,14.765
2013/6/18,14660,14.66
2013/6/19,14650,14.65
2013/6/20,14490,14.49
2013/6/21,14520,14.52
2013/6/24,14360,14.36
2013/6/25,14410,14.41
2013/6/26,14365,14.365
2013/6/27,14390,14.39
2013/6/28,14360,14.36
2013/7/1,14450,14.45
2013/7/2,14470,14.47
2013/7/3,14480,14.48
2013/7/4,14410,14.41
2013/7/5,14400,14.4
2013/7/8,14320,14.32
2013/7/9,14340,14.34
2013/7/10,14345,14.345
2013/7/11,14450,14.45
2013/7/12,14395,14.395
2013/7/15,14330,14.33
2013/7/16,14365,14.365
2013/7/17,14330,14.33
2013/7/18,14325,14.325
2013/7/19,14360,14.36
2013/7/22,14380,14.38
2013/7/23,14400,14.4
2013/7/24,14370,14.37
2013/7/25,14395,14.395
2013/7/26,14370,14.37
2013/7/29,14265,14.265
2013/7/30,14250,14.25
2013/7/31,14155,14.155
2013/8/1,14290,14.29
2013/8/2,14260,14.26
2013/8/5,14255,14.255
2013/8/6,14255,14.255
2013/8/7,14210,14.21
2013/8/8,14240,14.24
2013/8/9,14280,14.28
2013/8/12,14335,14.335
2013/8/13,14345,14.345
2013/8/14,14305,14.305
2013/8/15,14350,14.35
2013/8/16,14435,14.435
2013/8/19,14460,14.46
2013/8/20,14370,14.37
2013/8/21,14405,14.405
2013/8/22,14415,14.415
2013/8/23,14415,14.415
2013/8/26,14445,14.445
2013/8/27,14420,14.42
2013/8/28,14405,14.405
2013/8/29,14370,14.37
2013/8/30,14300,14.3
2013/9/2,14305,14.305
2013/9/3,14310,14.31
2013/9/4,14310,14.31
2013/9/5,14250,14.25
2013/9/6,14320,14.32
2013/9/9,14330,14.33
2013/9/10,14320,14.32
2013/9/11,14340,14.34
2013/9/12,14350,14.35
2013/9/13,14425,14.425
2013/9/16,14420,14.42
2013/9/17,14310,14.31
2013/9/18,14320,14.32
2013/9/23,14350,14.35
2013/9/24,14390,14.39
2013/9/25,14390,14.39
2013/9/26,14430,14.43
2013/9/27,14440,14.44
2013/9/30,14450,14.45
2013/10/8,14515,14.515
2013/10/9,14580,14.58
2013/10/10,14565,14.565
2013/10/11,14620,14.62
2013/10/14,14550,14.55
2013/10/15,14415,14.415
2013/10/16,14445,14.445
2013/10/17,14445,14.445
2013/10/18,14450,14.45
2013/10/21,14460,14.46
2013/10/22,14470,14.47
2013/10/23,14485,14.485
2013/10/24,14495,14.495
2013/10/25,14460,14.46
2013/10/28,14485,14.485
2013/10/29,14505,14.505
2013/10/30,14470,14.47
2013/10/31,14455,14.455
2013/11/1,14470,14.47
2013/11/4,14420,14.42
2013/11/5,14415,14.415
2013/11/6,14420,14.42
2013/11/7,14420,14.42
2013/11/8,14400,14.4
2013/11/11,14400,14.4
2013/11/12,14375,14.375
2013/11/13,14400,14.4
2013/11/14,14405,14.405
2013/11/15,14300,14.3
2013/11/18,14295,14.295
2013/11/19,14270,14.27
2013/11/20,14360,14.36
2013/11/21,14310,14.31
2013/11/22,14290,14.29
2013/11/25,14265,14.265
2013/11/26,14270,14.27
2013/11/27,14265,14.265
2013/11/28,14180,14.18
2013/11/29,14180,14.18
2013/12/2,14170,14.17
2013/12/3,14180,14.18
2013/12/4,14185,14.185
2013/12/5,14240,14.24
2013/12/6,14245,14.245
2013/12/9,14295,14.295
2013/12/10,14325,14.325
2013/12/11,14260,14.26
2013/12/12,14245,14.245
2013/12/13,14180,14.18
2013/12/16,14110,14.11
2013/12/17,14110,14.11
2013/12/18,14135,14.135
2013/12/19,14145,14.145
2013/12/20,14145,14.145
2013/12/23,14050,14.05
2013/12/24,14025,14.025
2013/12/25,14060,14.06
2013/12/26,14020,14.02
2013/12/27,14070,14.07
2013/12/30,14130,14.13
2013/12/31,14125,14.125
2014/1/2,14130,14.13
2014/1/3,14090,14.09
2014/1/6,14045,14.045
2014/1/7,13975,13.975
2014/1/8,13970,13.97
2014/1/9,13900,13.9
2014/1/10,13845,13.845
2014/1/13,13740,13.74
2014/1/14,13685,13.685
2014/1/15,13540,13.54
2014/1/16,13660,13.66
2014/1/17,13690,13.69
2014/1/20,13750,13.75
2014/1/21,13735,13.735
2014/1/22,13710,13.71
2014/1/23,13650,13.65
2014/1/24,13625,13.625
2014/1/27,13480,13.48
2014/1/28,13495,13.495
2014/1/29,13465,13.465
2014/1/30,13465,13.465
2014/2/7,13295,13.295
2014/2/10,13250,13.25
2014/2/11,13125,13.125
2014/2/12,13185,13.185
2014/2/13,13210,13.21
2014/2/14,13270,13.27
2014/2/17,13330,13.33
2014/2/18,13330,13.33
2014/2/19,13365,13.365
2014/2/20,13345,13.345
2014/2/21,13365,13.365
2014/2/24,13265,13.265
2014/2/25,13200,13.2
2014/2/26,13240,13.24
2014/2/27,13225,13.225
2014/2/28,13105,13.105
2014/3/3,13060,13.06
2014/3/4,13095,13.095
2014/3/5,13125,13.125
2014/3/6,13075,13.075
2014/3/7,13070,13.07
2014/3/10,12910,12.91
2014/3/11,12985,12.985
2014/3/12,12915,12.915
2014/3/13,12880,12.88
2014/3/14,12855,12.855
2014/3/17,12825,12.825
2014/3/18,12830,12.83
2014/3/19,12725,12.725
2014/3/20,12665,12.665
2014/3/21,12620,12.62
2014/3/24,12575,12.575
2014/3/25,12705,12.705
2014/3/26,12770,12.77
2014/3/27,12735,12.735
2014/3/28,12845,12.845
2014/3/31,12830,12.83
2014/4/1,12830,12.83
2014/4/2,12880,12.88
2014/4/3,12900,12.9
2014/4/4,12960,12.96
2014/4/8,12930,12.93
2014/4/9,12880,12.88
2014/4/10,12975,12.975
2014/4/11,13070,13.07
2014/4/14,13065,13.065
2014/4/15,13070,13.07
2014/4/16,13095,13.095
2014/4/17,13160,13.16
2014/4/18,13135,13.135
2014/4/21,13130,13.13
2014/4/22,13160,13.16
2014/4/23,13350,13.35
2014/4/24,13545,13.545
2014/4/25,13450,13.45
2014/4/28,13445,13.445
2014/4/29,13345,13.345
2014/4/30,13300,13.3
2014/5/5,13195,13.195
2014/5/6,13120,13.12
2014/5/7,13010,13.01
2014/5/8,12970,12.97
2014/5/9,13080,13.08
2014/5/12,13085,13.085
2014/5/13,13090,13.09
2014/5/14,13035,13.035
2014/5/15,13010,13.01
2014/5/16,13050,13.05
2014/5/19,13110,13.11
2014/5/20,13095,13.095
2014/5/21,13050,13.05
2014/5/22,13120,13.12
2014/5/23,13380,13.38
2014/5/26,13395,13.395
2014/5/27,13290,13.29
2014/5/28,13360,13.36
2014/5/29,13295,13.295
2014/5/30,13260,13.26
2014/6/3,13365,13.365
2014/6/4,13260,13.26
2014/6/5,13270,13.27
2014/6/6,13295,13.295
2014/6/9,13500,13.5
2014/6/10,13450,13.45
2014/6/11,13470,13.47
2014/6/12,13300,13.3
2014/6/13,13305,13.305
2014/6/16,13300,13.3
2014/6/17,13385,13.385
2014/6/18,13325,13.325
2014/6/19,13395,13.395
2014/6/20,13465,13.465
2014/6/23,13450,13.45
2014/6/24,13415,13.415
2014/6/25,13440,13.44
2014/6/26,13450,13.45
2014/6/27,13425,13.425
2014/6/30,13360,13.36
2014/7/1,13455,13.455
2014/7/2,13410,13.41
2014/7/3,13540,13.54
2014/7/4,13540,13.54
2014/7/7,13435,13.435
2014/7/8,13510,13.51
2014/7/9,13505,13.505
2014/7/10,13505,13.505
2014/7/11,13490,13.49
2014/7/14,13500,13.5
2014/7/15,13540,13.54
2014/7/16,13675,13.675
2014/7/17,13745,13.745
2014/7/18,13850,13.85
2014/7/21,13945,13.945
2014/7/22,14055,14.055
2014/7/23,14115,14.115
2014/7/24,14005,14.005
2014/7/25,14140,14.14
2014/7/28,14070,14.07
2014/7/29,14025,14.025
2014/7/30,13915,13.915
2014/7/31,14040,14.04
2014/8/1,13955,13.955
2014/8/4,13895,13.895
2014/8/5,14025,14.025
2014/8/6,13960,13.96
2014/8/7,14005,14.005
2014/8/8,14000,14
2014/8/11,14025,14.025
2014/8/12,14090,14.09
2014/8/13,14095,14.095
2014/8/14,14020,14.02
2014/8/15,13995,13.995
2014/8/18,13995,13.995
2014/8/19,14110,14.11
2014/8/20,14120,14.12
2014/8/21,14300,14.3
2014/8/22,14295,14.295
2014/8/25,14245,14.245
2014/8/26,14310,14.31
2014/8/27,14385,14.385
2014/8/28,14380,14.38
2014/8/29,14495,14.495
2014/9/1,14580,14.58
2014/9/2,14930,14.93
2014/9/3,14935,14.935
2014/9/4,14910,14.91
2014/9/5,14930,14.93
2014/9/9,14875,14.875
2014/9/10,14630,14.63
2014/9/11,14565,14.565
2014/9/12,14550,14.55
2014/9/15,14385,14.385
2014/9/16,14305,14.305
2014/9/17,14415,14.415
2014/9/18,14275,14.275
2014/9/19,14245,14.245
2014/9/22,14020,14.02
2014/9/23,14100,14.1
2014/9/24,14090,14.09
2014/9/25,14080,14.08
2014/9/26,14045,14.045
2014/9/29,13910,13.91
2014/9/30,13975,13.975
2014/10/8,13920,13.92
2014/10/9,13870,13.87
2014/10/10,13720,13.72
2014/10/13,13755,13.755
2014/10/14,13710,13.71
2014/10/15,13710,13.71
2014/10/16,13635,13.635
2014/10/17,13560,13.56
2014/10/20,13740,13.74
2014/10/21,13700,13.7
2014/10/22,13685,13.685
2014/10/23,13750,13.75
2014/10/24,13725,13.725
2014/10/27,13685,13.685
2014/10/28,13700,13.7
2014/10/29,13720,13.72
2014/10/30,13735,13.735
2014/10/31,13840,13.84
2014/11/3,13840,13.84
2014/11/4,13980,13.98
2014/11/5,13730,13.73
2014/11/6,13760,13.76
2014/11/7,13740,13.74
2014/11/10,13700,13.7
2014/11/11,13650,13.65
2014/11/12,13655,13.655
2014/11/13,13650,13.65
2014/11/14,13620,13.62
2014/11/17,13680,13.68
2014/11/18,13670,13.67
2014/11/19,13650,13.65
2014/11/20,13670,13.67
2014/11/21,13740,13.74
2014/11/24,13760,13.76
2014/11/25,13750,13.75
2014/11/26,13725,13.725
2014/11/27,13680,13.68
2014/11/28,13670,13.67
2014/12/1,13490,13.49
2014/12/2,13480,13.48
2014/12/3,13350,13.35
2014/12/4,13430,13.43
2014/12/5,13400,13.4
2014/12/8,13350,13.35
2014/12/9,13240,13.24
2014/12/10,13255,13.255
2014/12/11,13265,13.265
2014/12/12,13290,13.29
2014/12/15,13350,13.35
2014/12/16,13270,13.27
2014/12/17,13185,13.185
2014/12/18,12940,12.94
2014/12/19,13085,13.085
2014/12/22,13160,13.16
2014/12/23,13060,13.06
2014/12/24,13030,13.03
2014/12/25,13005,13.005
2014/12/26,13030,13.03
2014/12/29,12970,12.97
2014/12/30,12935,12.935
2014/12/31,12985,12.985
2015/1/5,12825,12.825
2015/1/6,12750,12.75
2015/1/7,12675,12.675
2015/1/8,12745,12.745
2015/1/9,12825,12.825
2015/1/12,12715,12.715
2015/1/13,12685,12.685
2015/1/14,12555,12.555
2015/1/15,12980,12.98
2015/1/16,12760,12.76
2015/1/19,12800,12.8
2015/1/20,12735,12.735
2015/1/21,12730,12.73
2015/1/22,12780,12.78
2015/1/23,12760,12.76
2015/1/26,12700,12.7
2015/1/27,12770,12.77
2015/1/28,12770,12.77
2015/1/29,12710,12.71
2015/1/30,12760,12.76
2015/2/2,12785,12.785
2015/2/3,13080,13.08
2015/2/4,13120,13.12
2015/2/5,13100,13.1
2015/2/6,13210,13.21
2015/2/9,13145,13.145
2015/2/10,13055,13.055
2015/2/11,12990,12.99
2015/2/12,12925,12.925
2015/2/13,13025,13.025
2015/2/16,12995,12.995
2015/2/17,13000,13
2015/2/25,12935,12.935
2015/2/26,12950,12.95
2015/2/27,12890,12.89
2015/3/2,13020,13.02
2015/3/3,12950,12.95
2015/3/4,12900,12.9
2015/3/5,12905,12.905
2015/3/6,12900,12.9
2015/3/9,12890,12.89
2015/3/10,12885,12.885
2015/3/11,12895,12.895
2015/3/12,13035,13.035
2015/3/13,13150,13.15
2015/3/16,13020,13.02
2015/3/17,13070,13.07
2015/3/18,13120,13.12
2015/3/19,13220,13.22
2015/3/20,13265,13.265
2015/3/23,13260,13.26
2015/3/24,13310,13.31
2015/3/25,13320,13.32
2015/3/26,13320,13.32
2015/3/27,13355,13.355
2015/3/30,13330,13.33
2015/3/31,13300,13.3
2015/4/1,13380,13.38
2015/4/2,13390,13.39
2015/4/3,13390,13.39
2015/4/7,13400,13.4
2015/4/8,13370,13.37
2015/4/9,13225,13.225
2015/4/10,13250,13.25
2015/4/13,13080,13.08
2015/4/14,13020,13.02
2015/4/15,13085,13.085
2015/4/16,13135,13.135
2015/4/17,13195,13.195
2015/4/20,13125,13.125
2015/4/21,13095,13.095
2015/4/22,13150,13.15
2015/4/23,13215,13.215
2015/4/24,13220,13.22
2015/4/27,13325,13.325
2015/4/28,13280,13.28
2015/4/29,13260,13.26
2015/4/30,13280,13.28
2015/5/4,13340,13.34
2015/5/5,13275,13.275
2015/5/6,13445,13.445
2015/5/7,13350,13.35
2015/5/8,13320,13.32
2015/5/11,13305,13.305
2015/5/12,13215,13.215
2015/5/13,13250,13.25
2015/5/14,13175,13.175
2015/5/15,13230,13.23
2015/5/18,13225,13.225
2015/5/19,13170,13.17
2015/5/20,13115,13.115
2015/5/21,13195,13.195
2015/5/22,13180,13.18
2015/5/25,13130,13.13
2015/5/26,13155,13.155
2015/5/27,13090,13.09
2015/5/28,13055,13.055
2015/5/29,13080,13.08
2015/6/1,13050,13.05
2015/6/2,13035,13.035
2015/6/3,13015,13.015
2015/6/4,12995,12.995
2015/6/5,12885,12.885
2015/6/8,12860,12.86
2015/6/9,12825,12.825
2015/6/10,12785,12.785
2015/6/11,12720,12.72
2015/6/12,12645,12.645
2015/6/15,12555,12.555
2015/6/16,12645,12.645
2015/6/17,12635,12.635
2015/6/18,12635,12.635
2015/6/19,12655,12.655
2015/6/23,12725,12.725
2015/6/24,12745,12.745
2015/6/25,12720,12.72
2015/6/26,12740,12.74
2015/6/29,12715,12.715
2015/6/30,12750,12.75
2015/7/1,12480,12.48
2015/7/2,12610,12.61
2015/7/3,12600,12.6
2015/7/6,12410,12.41
2015/7/7,12335,12.335
2015/7/8,11900,11.9
2015/7/9,12255,12.255
2015/7/10,12305,12.305
2015/7/13,12260,12.26
2015/7/14,12280,12.28
2015/7/15,12330,12.33
2015/7/16,12490,12.49
2015/7/17,12465,12.465
2015/7/20,12395,12.395
2015/7/21,12370,12.37
2015/7/22,12310,12.31
2015/7/23,12300,12.3
2015/7/24,12245,12.245
2015/7/27,12210,12.21
2015/7/28,12245,12.245
2015/7/29,12265,12.265
2015/7/30,12190,12.19
2015/7/31,12050,12.05
2015/8/3,12000,12
2015/8/4,12045,12.045
2015/8/5,12010,12.01
2015/8/6,11945,11.945
2015/8/7,11890,11.89
2015/8/10,11910,11.91
2015/8/11,11955,11.955
2015/8/12,12020,12.02
2015/8/13,12010,12.01
2015/8/14,12030,12.03
2015/8/17,12000,12
2015/8/18,11975,11.975
2015/8/19,11925,11.925
2015/8/20,12005,12.005
2015/8/21,11955,11.955
2015/8/24,11815,11.815
2015/8/25,11850,11.85
2015/8/26,11840,11.84
2015/8/27,11860,11.86
2015/8/28,11890,11.89
2015/8/31,11840,11.84
2015/9/1,11750,11.75
2015/9/2,11775,11.775
2015/9/7,11810,11.81
2015/9/8,11810,11.81
2015/9/9,11930,11.93
2015/9/10,11890,11.89
2015/9/11,11920,11.92
2015/9/14,11920,11.92
2015/9/15,11790,11.79
2015/9/16,11905,11.905
2015/9/17,11920,11.92
2015/9/18,11965,11.965
2015/9/21,11880,11.88
2015/9/22,11840,11.84
2015/9/23,11775,11.775
2015/9/24,11780,11.78
2015/9/25,11825,11.825
2015/9/28,11730,11.73
2015/9/29,11660,11.66
2015/9/30,11650,11.65
2015/10/8,11495,11.495
2015/10/9,11545,11.545
2015/10/12,11555,11.555
2015/10/13,11455,11.455
2015/10/14,11260,11.26
2015/10/15,11210,11.21
2015/10/16,11170,11.17
2015/10/19,11110,11.11
2015/10/20,11025,11.025
2015/10/21,10825,10.825
2015/10/22,10720,10.72
2015/10/23,10630,10.63
2015/10/26,10460,10.46
2015/10/27,10510,10.51
2015/10/28,10355,10.355
2015/10/29,10345,10.345
2015/10/30,10380,10.38
2015/11/2,10325,10.325
2015/11/3,10370,10.37
2015/11/4,10490,10.49
2015/11/5,10515,10.515
2015/11/6,10515,10.515
2015/11/9,10520,10.52
2015/11/10,10320,10.32
2015/11/11,10105,10.105
2015/11/12,10185,10.185
2015/11/13,10265,10.265
2015/11/16,10160,10.16
2015/11/17,10150,10.15
2015/11/18,10080,10.08
2015/11/19,9890,9.89
2015/11/20,10030,10.03
2015/11/23,9950,9.95
2015/11/24,9870,9.87
2015/11/25,9950,9.95
2015/11/26,10300,10.3
2015/11/27,10440,10.44
2015/11/30,10250,10.25
2015/12/1,10240,10.24
2015/12/2,10300,10.3
2015/12/3,10270,10.27
2015/12/4,10330,10.33
2015/12/7,10310,10.31
2015/12/8,10340,10.34
2015/12/9,10460,10.46
2015/12/10,10485,10.485
2015/12/11,10740,10.74
2015/12/14,10940,10.94
2015/12/15,10800,10.8
2015/12/16,10560,10.56
2015/12/17,10650,10.65
2015/12/18,10765,10.765
2015/12/21,10925,10.925
2015/12/22,10890,10.89
2015/12/23,10955,10.955
2015/12/24,10940,10.94
2015/12/25,10990,10.99
2015/12/28,10725,10.725
2015/12/29,10870,10.87
2015/12/30,10945,10.945
2015/12/31,11200,11.2
2016/1/4,11030,11.03
2016/1/5,11090,11.09
2016/1/6,11040,11.04
2016/1/7,11000,11
2016/1/8,11050,11.05
2016/1/11,11030,11.03
2016/1/12,10850,10.85
2016/1/13,10870,10.87
2016/1/14,10760,10.76
2016/1/15,10690,10.69
2016/1/18,10740,10.74
2016/1/19,10780,10.78
2016/1/20,10650,10.65
2016/1/21,10650,10.65
2016/1/22,10830,10.83
2016/1/25,10720,10.72
2016/1/26,10710,10.71
2016/1/27,10740,10.74
2016/1/28,10725,10.725
2016/1/29,10720,10.72
2016/2/1,10570,10.57
2016/2/2,10570,10.57
2016/2/3,10590,10.59
2016/2/4,10750,10.75
2016/2/5,10695,10.695
2016/2/15,10780,10.78
2016/2/16,10985,10.985
2016/2/17,10920,10.92
2016/2/18,10925,10.925
2016/2/19,10995,10.995
2016/2/22,11145,11.145
2016/2/23,11150,11.15
2016/2/24,11085,11.085
2016/2/25,11165,11.165
2016/2/26,11205,11.205
2016/2/29,11225,11.225
2016/3/1,11130,11.13
2016/3/2,11215,11.215
2016/3/3,11240,11.24
2016/3/4,11330,11.33
2016/3/7,11325,11.325
2016/3/8,11380,11.38
2016/3/9,11210,11.21
2016/3/10,11200,11.2
2016/3/11,11250,11.25
2016/3/14,11225,11.225
2016/3/15,11220,11.22
2016/3/16,11240,11.24
2016/3/17,11325,11.325
2016/3/18,11425,11.425
2016/3/21,11450,11.45
2016/3/22,11475,11.475
2016/3/23,11470,11.47
2016/3/24,11510,11.51
2016/3/25,11660,11.66
2016/3/28,11700,11.7
2016/3/29,11720,11.72
2016/3/30,11700,11.7
2016/3/31,11715,11.715
2016/4/1,11855,11.855
2016/4/5,11850,11.85
2016/4/6,11730,11.73
2016/4/7,11740,11.74
2016/4/8,11660,11.66
2016/4/11,11775,11.775
2016/4/12,11765,11.765
2016/4/13,11915,11.915
2016/4/14,11865,11.865
2016/4/15,11880,11.88
2016/4/18,11940,11.94
2016/4/19,12020,12.02
2016/4/20,12070,12.07
2016/4/21,12400,12.4
2016/4/22,12785,12.785
2016/4/25,12830,12.83
2016/4/26,12775,12.775
2016/4/27,12800,12.8
2016/4/28,12480,12.48
2016/4/29,12740,12.74
2016/5/3,12810,12.81
2016/5/4,12575,12.575
2016/5/5,12555,12.555
2016/5/6,12440,12.44
2016/5/9,12165,12.165
2016/5/10,11970,11.97
2016/5/11,12125,12.125
2016/5/12,12200,12.2
2016/5/13,12185,12.185
2016/5/16,12365,12.365
2016/5/17,12495,12.495
2016/5/18,12360,12.36
2016/5/19,12390,12.39
2016/5/20,12510,12.51
2016/5/23,12380,12.38
2016/5/24,12365,12.365
2016/5/25,12155,12.155
2016/5/26,12315,12.315
2016/5/27,12410,12.41
2016/5/30,12505,12.505
2016/5/31,12500,12.5
2016/6/1,12360,12.36
2016/6/2,12480,12.48
2016/6/3,12370,12.37
2016/6/6,12240,12.24
2016/6/7,12140,12.14
2016/6/8,12255,12.255
2016/6/13,12195,12.195
2016/6/14,12185,12.185
2016/6/15,12130,12.13
2016/6/16,12065,12.065
2016/6/17,12135,12.135
2016/6/20,12265,12.265
2016/6/21,12410,12.41
2016/6/22,12570,12.57
2016/6/23,12550,12.55
2016/6/24,12405,12.405
2016/6/27,12565,12.565
2016/6/28,12555,12.555
2016/6/29,12560,12.56
2016/6/30,12720,12.72
2016/7/1,12950,12.95
2016/7/4,12880,12.88
2016/7/5,12790,12.79
2016/7/6,12885,12.885
2016/7/7,12930,12.93
2016/7/8,13015,13.015
2016/7/11,13060,13.06
2016/7/12,12955,12.955
2016/7/13,12960,12.96
2016/7/14,13015,13.015
2016/7/15,12955,12.955
2016/7/18,12650,12.65
2016/7/19,12400,12.4
2016/7/20,12430,12.43
2016/7/21,12525,12.525
2016/7/22,12310,12.31
2016/7/25,12340,12.34
2016/7/26,12290,12.29
2016/7/27,12250,12.25
2016/7/28,12475,12.475
2016/7/29,12400,12.4
2016/8/1,12490,12.49
2016/8/2,12475,12.475
2016/8/3,12320,12.32
2016/8/4,12355,12.355
2016/8/5,12500,12.5
2016/8/8,12605,12.605
2016/8/9,12540,12.54
2016/8/10,12640,12.64
2016/8/11,12620,12.62
2016/8/12,12615,12.615
2016/8/15,12615,12.615
2016/8/16,12510,12.51
2016/8/17,12550,12.55
2016/8/18,12745,12.745
2016/8/19,12740,12.74
2016/8/22,12470,12.47
2016/8/23,12535,12.535
2016/8/24,12535,12.535
2016/8/25,12450,12.45
2016/8/26,12505,12.505
2016/8/29,12515,12.515
2016/8/30,12485,12.485
2016/8/31,12430,12.43
2016/9/1,12410,12.41
2016/9/2,12530,12.53
2016/9/5,12315,12.315
2016/9/6,12350,12.35
2016/9/7,12455,12.455
2016/9/8,12500,12.5
2016/9/9,12560,12.56
2016/9/12,12540,12.54
2016/9/13,12600,12.6
2016/9/14,12500,12.5
2016/9/19,12400,12.4
2016/9/20,12290,12.29
2016/9/21,12360,12.36
2016/9/22,12555,12.555
2016/9/23,12745,12.745
2016/9/26,12680,12.68
2016/9/27,12715,12.715
2016/9/28,12680,12.68
2016/9/29,12845,12.845
2016/9/30,12860,12.86
2016/10/10,13265,13.265
2016/10/11,13300,13.3
2016/10/12,13325,13.325
2016/10/13,13440,13.44
2016/10/14,13510,13.51
2016/10/17,13320,13.32
2016/10/18,13010,13.01
2016/10/19,12865,12.865
2016/10/20,12855,12.855
2016/10/21,12895,12.895
2016/10/24,13215,13.215
2016/10/25,13585,13.585
2016/10/26,13935,13.935
2016/10/27,13910,13.91
2016/10/28,14265,14.265
2016/10/31,14525,14.525
2016/11/1,14540,14.54
2016/11/2,13970,13.97
2016/11/3,14015,14.015
2016/11/4,13725,13.725
2016/11/7,13960,13.96
2016/11/8,14090,14.09
2016/11/9,14330,14.33
2016/11/10,14890,14.89
2016/11/11,15235,15.235
2016/11/14,15180,15.18
2016/11/15,14985,14.985
2016/11/16,13980,13.98
2016/11/17,13785,13.785
2016/11/18,14015,14.015
2016/11/21,14490,14.49
2016/11/22,14600,14.6
2016/11/23,14445,14.445
2016/11/24,14405,14.405
2016/11/25,14295,14.295
2016/11/28,14400,14.4
2016/11/29,13990,13.99
2016/11/30,13680,13.68
2016/12/1,13935,13.935
2016/12/2,13925,13.925
2016/12/5,13840,13.84
2016/12/6,13730,13.73
2016/12/7,13450,13.45
2016/12/8,13370,13.37
2016/12/9,13445,13.445
2016/12/12,13490,13.49
2016/12/13,13385,13.385
2016/12/14,12970,12.97
2016/12/15,12945,12.945
2016/12/16,12880,12.88
2016/12/19,12610,12.61
2016/12/20,12655,12.655
2016/12/21,12905,12.905
2016/12/22,12835,12.835
2016/12/23,12700,12.7
2016/12/26,12645,12.645
2016/12/27,12760,12.76
2016/12/28,12625,12.625
2016/12/29,12675,12.675
2016/12/30,12800,12.8
2017/1/3,12610,12.61
2017/1/4,12670,12.67
2017/1/5,12595,12.595
2017/1/6,12535,12.535
2017/1/9,12550,12.55
2017/1/10,12760,12.76
2017/1/11,12875,12.875
2017/1/12,13100,13.1
2017/1/13,13260,13.26
2017/1/16,13215,13.215
2017/1/17,13250,13.25
2017/1/18,13260,13.26
2017/1/19,13285,13.285
2017/1/20,13270,13.27
2017/1/23,13620,13.62
2017/1/24,13665,13.665
2017/1/25,13990,13.99
2017/1/26,13765,13.765
2017/2/3,13690,13.69
2017/2/6,13560,13.56
2017/2/7,13530,13.53
2017/2/8,13590,13.59
2017/2/9,13670,13.67
2017/2/10,13660,13.66
2017/2/13,13845,13.845
2017/2/14,14240,14.24
2017/2/15,14250,14.25
2017/2/16,14275,14.275
2017/2/17,13980,13.98
2017/2/20,14045,14.045
2017/2/21,14135,14.135
2017/2/22,13860,13.86
2017/2/23,13750,13.75
2017/2/24,13605,13.605
2017/2/27,13660,13.66
2017/2/28,13695,13.695
2017/3/1,14070,14.07
2017/3/2,14030,14.03
2017/3/3,14030,14.03
2017/3/6,13650,13.65
2017/3/7,13630,13.63
2017/3/8,13600,13.6
2017/3/9,13505,13.505
2017/3/10,13740,13.74
2017/3/13,13680,13.68
2017/3/14,13520,13.52
2017/3/15,13560,13.56
2017/3/16,13870,13.87
2017/3/17,13670,13.67
2017/3/20,13680,13.68
2017/3/21,13780,13.78
2017/3/22,13715,13.715
2017/3/23,13740,13.74
2017/3/24,13615,13.615
2017/3/27,13625,13.625
2017/3/28,13555,13.555
2017/3/29,13730,13.73
2017/3/30,13730,13.73
2017/3/31,13880,13.88
2017/4/5,14065,14.065
2017/4/6,13985,13.985
2017/4/7,13915,13.915
2017/4/10,13980,13.98
2017/4/11,13800,13.8
2017/4/12,13840,13.84
2017/4/13,13935,13.935
2017/4/14,14020,14.02
2017/4/17,14300,14.3
2017/4/18,14395,14.395
2017/4/19,14165,14.165
2017/4/20,14250,14.25
2017/4/21,14275,14.275
2017/4/24,14230,14.23
2017/4/25,14290,14.29
2017/4/26,14300,14.3
2017/4/27,14295,14.295
2017/4/28,14000,14
2017/5/2,13785,13.785
2017/5/3,13900,13.9
2017/5/4,13815,13.815
2017/5/5,13880,13.88
2017/5/8,13660,13.66
2017/5/9,13730,13.73
2017/5/10,13725,13.725
2017/5/11,13740,13.74
2017/5/12,13795,13.795
2017/5/15,13870,13.87
2017/5/16,13915,13.915
2017/5/17,13985,13.985
2017/5/18,13885,13.885
2017/5/19,13965,13.965
2017/5/22,13935,13.935
2017/5/23,13850,13.85
2017/5/24,13930,13.93
2017/5/25,14025,14.025
2017/5/26,14010,14.01
2017/5/31,13680,13.68
2017/6/1,13740,13.74
2017/6/2,13725,13.725
2017/6/5,13670,13.67
2017/6/6,13620,13.62
2017/6/7,13610,13.61
2017/6/8,13715,13.715
2017/6/9,13540,13.54
2017/6/12,13605,13.605
2017/6/13,13580,13.58
2017/6/14,13560,13.56
2017/6/15,13365,13.365
2017/6/16,13530,13.53
2017/6/19,13740,13.74
2017/6/20,13920,13.92
2017/6/21,13835,13.835
2017/6/22,13700,13.7
2017/6/23,13875,13.875
2017/6/26,13830,13.83
2017/6/27,13855,13.855
2017/6/28,13880,13.88
2017/6/29,13910,13.91
2017/6/30,13840,13.84
2017/7/3,14050,14.05
2017/7/4,13970,13.97
2017/7/5,14085,14.085
2017/7/6,14030,14.03
2017/7/7,14055,14.055
2017/7/10,14000,14
2017/7/11,13980,13.98
2017/7/12,14040,14.04
2017/7/13,14155,14.155
2017/7/14,14200,14.2
2017/7/17,14330,14.33
2017/7/18,14245,14.245
2017/7/19,14385,14.385
2017/7/20,14330,14.33
2017/7/21,14345,14.345
2017/7/24,14360,14.36
2017/7/25,14470,14.47
2017/7/26,14420,14.42
2017/7/27,14345,14.345
2017/7/28,14300,14.3
2017/7/31,14445,14.445
2017/8/1,14310,14.31
2017/8/2,14655,14.655
2017/8/3,14510,14.51
2017/8/4,14565,14.565
2017/8/7,14935,14.935
2017/8/8,15240,15.24
2017/8/9,16020,16.02
2017/8/10,15900,15.9
2017/8/11,15890,15.89
2017/8/14,15625,15.625
2017/8/15,15600,15.6
2017/8/16,16000,16
2017/8/17,16420,16.42
2017/8/18,16265,16.265
2017/8/21,16325,16.325
2017/8/22,16280,16.28
2017/8/23,16125,16.125
2017/8/24,16375,16.375
2017/8/25,16525,16.525
2017/8/28,16285,16.285
2017/8/29,16145,16.145
2017/8/30,16275,16.275
2017/8/31,16390,16.39
2017/9/1,16580,16.58
2017/9/4,16380,16.38
2017/9/5,16360,16.36
2017/9/6,16170,16.17
2017/9/7,15990,15.99
2017/9/8,15780,15.78
2017/9/11,16315,16.315
2017/9/12,16400,16.4
2017/9/13,16350,16.35
2017/9/14,16410,16.41
2017/9/15,16035,16.035
2017/9/18,16275,16.275
2017/9/19,16380,16.38
2017/9/20,16945,16.945
2017/9/21,16685,16.685
2017/9/22,16290,16.29
2017/9/25,16330,16.33
2017/9/26,16420,16.42
2017/9/27,16390,16.39
2017/9/28,16235,16.235
2017/9/29,16300,16.3
2017/10/9,16465,16.465
2017/10/10,16280,16.28
2017/10/11,16160,16.16
2017/10/12,16235,16.235
2017/10/13,16445,16.445
2017/10/16,16275,16.275
2017/10/17,16265,16.265
2017/10/18,15990,15.99
2017/10/19,16060,16.06
2017/10/20,16245,16.245
2017/10/23,16145,16.145
2017/10/24,16175,16.175
2017/10/25,16165,16.165
2017/10/26,16400,16.4
2017/10/27,16175,16.175
2017/10/30,16195,16.195
2017/10/31,16185,16.185
2017/11/1,16050,16.05
2017/11/2,16080,16.08
2017/11/3,16055,16.055
2017/11/6,15975,15.975
2017/11/7,15855,15.855
2017/11/8,15675,15.675
2017/11/9,15290,15.29
2017/11/10,15320,15.32
2017/11/13,15370,15.37
2017/11/14,15305,15.305
2017/11/15,15295,15.295
2017/11/16,15385,15.385
2017/11/17,15315,15.315
2017/11/20,15035,15.035
2017/11/21,14810,14.81
2017/11/22,14890,14.89
2017/11/23,14910,14.91
2017/11/24,14975,14.975
2017/11/27,14820,14.82
2017/11/28,14645,14.645
2017/11/29,14510,14.51
2017/11/30,14605,14.605
2017/12/1,14485,14.485
2017/12/4,14420,14.42
2017/12/5,14420,14.42
2017/12/6,14170,14.17
2017/12/7,13990,13.99
2017/12/8,14095,14.095
2017/12/11,14010,14.01
2017/12/12,14025,14.025
2017/12/13,14020,14.02
2017/12/14,14050,14.05
2017/12/15,14260,14.26
2017/12/18,14405,14.405
2017/12/19,14370,14.37
2017/12/20,14585,14.585
2017/12/21,14560,14.56
2017/12/22,14510,14.51
2017/12/25,14595,14.595
2017/12/26,14500,14.5
2017/12/27,14630,14.63
2017/12/28,15000,15
2017/12/29,15095,15.095
2018/1/2,14985,14.985
2018/1/3,14960,14.96
2018/1/4,14940,14.94
2018/1/5,15010,15.01
2018/1/8,14855,14.855
2018/1/9,14880,14.88
2018/1/10,14880,14.88
2018/1/11,15040,15.04
2018/1/12,14920,14.92
2018/1/15,15050,15.05
2018/1/16,14655,14.655
2018/1/17,14545,14.545
2018/1/18,14535,14.535
2018/1/19,14670,14.67
2018/1/22,14585,14.585
2018/1/23,14570,14.57
2018/1/24,14570,14.57
2018/1/25,14700,14.7
2018/1/26,14530,14.53
2018/1/29,14580,14.58
2018/1/30,14405,14.405
2018/1/31,14360,14.36
2018/2/1,14245,14.245
2018/2/2,14300,14.3
2018/2/5,14220,14.22
2018/2/6,14060,14.06
2018/2/7,14125,14.125
2018/2/8,14130,14.13
2018/2/9,14160,14.16
2018/2/12,14320,14.32
2018/2/13,14305,14.305
2018/2/14,14020,14.02
2018/2/22,14050,14.05
2018/2/23,14300,14.3
2018/2/26,14200,14.2
2018/2/27,14200,14.2
2018/2/28,14250,14.25
2018/3/1,14295,14.295
2018/3/2,14250,14.25
2018/3/5,14130,14.13
2018/3/6,14255,14.255
2018/3/7,14100,14.1
2018/3/8,14065,14.065
2018/3/9,13910,13.91
2018/3/12,13900,13.9
2018/3/13,13670,13.67
2018/3/14,13790,13.79
2018/3/15,13820,13.82
2018/3/16,13910,13.91
2018/3/19,13870,13.87
2018/3/20,13915,13.915
2018/3/21,13845,13.845
2018/3/22,13890,13.89
2018/3/23,13680,13.68
2018/3/26,13625,13.625
2018/3/27,13730,13.73
2018/3/28,13665,13.665
2018/3/29,13815,13.815
2018/3/30,13730,13.73
2018/4/2,13950,13.95
2018/4/3,14065,14.065
2018/4/4,13995,13.995
2018/4/9,14190,14.19
2018/4/10,14265,14.265
2018/4/11,14310,14.31
2018/4/12,14275,14.275
2018/4/13,14525,14.525
2018/4/16,14550,14.55
2018/4/17,14845,14.845
2018/4/18,14850,14.85
2018/4/19,15285,15.285
2018/4/20,14870,14.87
2018/4/23,14970,14.97
2018/4/24,14315,14.315
2018/4/25,14330,14.33
2018/4/26,14280,14.28
2018/4/27,14400,14.4
2018/5/2,14350,14.35
2018/5/3,14490,14.49
2018/5/4,14515,14.515
2018/5/7,14600,14.6
2018/5/8,14615,14.615
2018/5/9,14530,14.53
2018/5/10,14520,14.52
2018/5/11,14555,14.555
2018/5/14,14515,14.515
2018/5/15,14595,14.595
2018/5/16,14725,14.725
2018/5/17,14815,14.815
2018/5/18,14755,14.755
2018/5/21,14690,14.69
2018/5/22,14540,14.54
2018/5/23,14535,14.535
2018/5/24,14675,14.675
2018/5/25,14755,14.755
2018/5/28,14735,14.735
2018/5/29,14675,14.675
2018/5/30,14625,14.625
2018/5/31,14525,14.525
2018/6/1,14595,14.595
2018/6/4,14580,14.58
2018/6/5,14585,14.585
2018/6/6,14800,14.8
2018/6/7,14920,14.92
2018/6/8,14740,14.74
2018/6/11,14730,14.73
2018/6/12,14710,14.71
2018/6/13,14545,14.545
2018/6/14,14490,14.49
2018/6/15,13800,13.8
2018/6/19,14030,14.03
2018/6/20,14140,14.14
2018/6/21,14130,14.13
2018/6/22,14155,14.155
2018/6/25,14065,14.065
2018/6/26,13970,13.97
2018/6/27,14105,14.105
2018/6/28,14110,14.11
2018/6/29,14100,14.1
2018/7/2,13930,13.93
2018/7/3,13940,13.94
2018/7/4,13900,13.9
2018/7/5,13845,13.845
2018/7/6,13945,13.945
2018/7/9,14035,14.035
2018/7/10,14030,14.03
2018/7/11,13880,13.88
2018/7/12,13990,13.99
2018/7/13,13900,13.9
2018/7/16,13960,13.96
2018/7/17,14000,14
2018/7/18,13950,13.95
2018/7/19,13995,13.995
2018/7/20,13975,13.975
2018/7/23,14175,14.175
2018/7/24,14260,14.26
2018/7/25,14295,14.295
2018/7/26,14250,14.25
2018/7/27,14310,14.31
2018/7/30,14340,14.34
2018/7/31,14450,14.45
2018/8/1,14365,14.365
2018/8/2,14240,14.24
2018/8/3,14325,14.325
2018/8/6,14320,14.32
2018/8/7,14350,14.35
2018/8/8,14360,14.36
2018/8/9,14670,14.67
2018/8/10,14485,14.485
2018/8/13,14560,14.56
2018/8/14,14555,14.555
2018/8/15,14450,14.45
2018/8/16,14370,14.37
2018/8/17,14340,14.34
2018/8/20,14385,14.385
2018/8/21,14625,14.625
2018/8/22,14600,14.6
2018/8/23,14570,14.57
2018/8/24,14735,14.735
2018/8/27,14690,14.69
2018/8/28,14905,14.905
2018/8/29,14820,14.82
2018/8/30,14890,14.89
2018/8/31,14860,14.86
2018/9/3,14785,14.785
2018/9/4,14710,14.71
2018/9/5,14555,14.555
2018/9/6,14590,14.59
2018/9/7,14570,14.57
2018/9/10,14545,14.545
2018/9/11,14620,14.62
2018/9/12,14470,14.47
2018/9/13,14445,14.445
2018/9/14,14500,14.5
2018/9/17,14400,14.4
2018/9/18,14460,14.46
2018/9/19,14510,14.51
2018/9/20,14575,14.575
2018/9/21,14690,14.69
2018/9/25,14580,14.58
2018/9/26,14525,14.525
2018/9/27,14350,14.35
2018/9/28,14290,14.29
2018/10/8,14430,14.43
2018/10/9,14505,14.505
2018/10/10,14350,14.35
2018/10/11,14115,14.115
2018/10/12,14280,14.28
2018/10/15,14130,14.13
2018/10/16,14250,14.25
2018/10/17,14305,14.305
2018/10/18,14155,14.155
2018/10/19,14175,14.175
2018/10/22,14175,14.175
2018/10/23,14200,14.2
2018/10/24,14235,14.235
2018/10/25,14215,14.215
2018/10/26,14135,14.135
2018/10/29,14140,14.14
2018/10/30,14055,14.055
2018/10/31,13915,13.915
2018/11/1,13820,13.82
2018/11/2,13910,13.91
2018/11/5,13870,13.87
2018/11/6,13905,13.905
2018/11/7,13875,13.875
2018/11/8,13905,13.905
2018/11/9,13860,13.86
2018/11/12,13805,13.805
2018/11/13,13760,13.76
2018/11/14,13650,13.65
2018/11/15,13700,13.7
2018/11/16,13730,13.73
2018/11/19,13795,13.795
2018/11/20,13730,13.73
2018/11/21,13765,13.765
2018/11/22,13815,13.815
2018/11/23,13790,13.79
2018/11/26,13785,13.785
2018/11/27,13735,13.735
2018/11/28,13645,13.645
2018/11/29,13620,13.62
2018/11/30,13520,13.52
2018/12/3,13760,13.76
2018/12/4,13745,13.745
2018/12/5,13645,13.645
2018/12/6,13525,13.525
2018/12/7,13570,13.57
2018/12/10,13565,13.565
2018/12/11,13565,13.565
2018/12/12,13500,13.5
2018/12/13,13575,13.575
2018/12/14,13520,13.52
2018/12/17,13525,13.525
2018/12/18,13670,13.67
2018/12/19,13615,13.615
2018/12/20,13635,13.635
2018/12/21,13695,13.695
2018/12/24,13680,13.68
2018/12/25,13720,13.72
2018/12/26,13720,13.72
2018/12/27,13595,13.595
2018/12/28,13560,13.56
2019/1/2,13360,13.36
2019/1/3,13255,13.255
2019/1/4,13345,13.345
2019/1/7,13365,13.365
2019/1/8,13305,13.305
2019/1/9,13365,13.365
2019/1/10,13320,13.32
2019/1/11,13300,13.3
2019/1/14,13210,13.21
2019/1/15,13250,13.25
2019/1/16,13375,13.375
2019/1/17,13350,13.35
2019/1/18,13425,13.425
2019/1/21,13485,13.485
2019/1/22,13355,13.355
2019/1/23,13485,13.485
2019/1/24,13505,13.505
2019/1/25,13475,13.475
2019/1/28,13440,13.44
2019/1/29,13360,13.36
2019/1/30,13410,13.41
2019/1/31,13450,13.45
2019/2/1,13500,13.5
2019/2/11,13285,13.285
2019/2/12,13320,13.32
2019/2/13,13310,13.31
2019/2/14,13350,13.35
2019/2/15,13360,13.36
2019/2/18,13460,13.46
2019/2/19,13430,13.43
2019/2/20,13480,13.48
2019/2/21,13505,13.505
2019/2/22,13645,13.645
2019/2/25,13725,13.725
2019/2/26,13645,13.645
2019/2/27,13645,13.645
2019/2/28,13630,13.63
2019/3/1,13640,13.64
2019/3/4,13705,13.705
2019/3/5,13700,13.7
2019/3/6,13655,13.655
2019/3/7,13680,13.68
2019/3/8,13685,13.685
2019/3/11,13700,13.7
2019/3/12,13680,13.68
2019/3/13,13785,13.785
2019/3/14,13810,13.81
2019/3/15,13815,13.815
2019/3/18,13555,13.555
2019/3/19,13680,13.68
2019/3/20,13760,13.76
2019/3/21,13755,13.755
2019/3/22,13710,13.71
2019/3/25,13605,13.605
2019/3/26,13595,13.595
2019/3/27,13600,13.6
2019/3/28,13635,13.635
2019/3/29,13665,13.665
2019/4/1,13835,13.835
2019/4/2,13745,13.745
2019/4/3,13775,13.775
2019/4/4,13760,13.76
2019/4/8,13780,13.78
2019/4/9,13790,13.79
2019/4/10,13810,13.81
2019/4/11,13795,13.795
2019/4/12,13810,13.81
2019/4/15,13845,13.845
2019/4/16,13870,13.87
2019/4/17,13970,13.97
2019/4/18,14025,14.025
2019/4/19,14045,14.045
2019/4/22,14170,14.17
2019/4/23,14160,14.16
2019/4/24,14130,14.13
2019/4/25,14225,14.225
2019/4/26,14165,14.165
2019/4/29,14210,14.21
2019/4/30,14160,14.16
2019/5/6,13950,13.95
2019/5/7,14025,14.025
2019/5/8,14050,14.05
2019/5/9,14050,14.05
2019/5/10,14190,14.19
2019/5/13,14240,14.24
2019/5/14,14215,14.215
2019/5/15,14320,14.32
2019/5/16,14335,14.335
2019/5/17,14290,14.29
2019/5/20,14275,14.275
2019/5/21,14240,14.24
2019/5/22,14140,14.14
2019/5/23,14125,14.125
2019/5/24,14240,14.24
2019/5/27,14310,14.31
2019/5/28,14245,14.245
2019/5/29,14180,14.18
2019/5/30,14160,14.16
2019/5/31,14160,14.16
2019/6/3,14140,14.14
2019/6/4,14065,14.065
2019/6/5,14095,14.095
2019/6/6,13990,13.99
2019/6/10,13955,13.955
2019/6/11,14050,14.05
2019/6/12,14005,14.005
2019/6/13,14030,14.03
2019/6/14,13945,13.945
2019/6/17,13835,13.835
2019/6/18,13850,13.85
2019/6/19,13895,13.895
2019/6/20,13930,13.93
2019/6/21,13825,13.825
2019/6/24,13865,13.865
2019/6/25,13930,13.93
2019/6/26,13930,13.93
2019/6/27,13920,13.92
2019/6/28,13850,13.85
2019/7/1,13740,13.74
2019/7/2,13695,13.695
2019/7/3,13635,13.635
2019/7/4,13750,13.75
2019/7/5,13775,13.775
2019/7/8,13750,13.75
2019/7/9,13725,13.725
2019/7/10,13765,13.765
2019/7/11,13780,13.78
2019/7/12,13750,13.75
2019/7/15,13850,13.85
2019/7/16,13885,13.885
2019/7/17,13865,13.865
2019/7/18,13845,13.845
2019/7/19,13900,13.9
2019/7/22,13845,13.845
2019/7/23,13755,13.755
2019/7/24,13775,13.775
2019/7/25,13870,13.87
2019/7/26,13875,13.875
2019/7/29,13875,13.875
2019/7/30,13910,13.91
2019/7/31,13870,13.87
2019/8/1,13840,13.84
2019/8/2,13800,13.8
2019/8/5,13855,13.855
2019/8/6,13875,13.875
2019/8/7,13820,13.82
2019/8/8,13875,13.875
2019/8/9,13885,13.885
2019/8/12,14120,14.12
2019/8/13,14175,14.175
2019/8/14,14170,14.17
2019/8/15,14200,14.2
2019/8/16,14160,14.16
2019/8/19,14365,14.365
2019/8/20,14320,14.32
2019/8/21,14335,14.335
2019/8/22,14340,14.34
2019/8/23,14295,14.295
2019/8/26,14210,14.21
2019/8/27,14250,14.25
2019/8/28,14285,14.285
2019/8/29,14220,14.22
2019/8/30,14260,14.26
2019/9/2,14345,14.345
2019/9/3,14325,14.325
2019/9/4,14350,14.35
2019/9/5,14350,14.35
2019/9/6,14395,14.395
2019/9/9,14405,14.405
2019/9/10,14405,14.405
2019/9/11,14480,14.48
2019/9/12,14535,14.535
2019/9/16,14600,14.6
2019/9/17,14295,14.295
2019/9/18,14275,14.275
2019/9/19,14210,14.21
2019/9/20,14295,14.295
2019/9/23,14275,14.275
2019/9/24,14235,14.235
2019/9/25,14165,14.165
2019/9/26,14085,14.085
2019/9/27,14025,14.025
2019/9/30,14025,14.025
2019/10/8,14020,14.02
2019/10/9,13980,13.98
2019/10/10,13975,13.975
2019/10/11,13860,13.86
2019/10/14,13755,13.755
2019/10/15,13780,13.78
2019/10/16,13885,13.885
2019/10/17,13890,13.89
2019/10/18,13900,13.9
2019/10/21,13795,13.795
2019/10/22,13845,13.845
2019/10/23,13850,13.85
2019/10/24,13885,13.885
2019/10/25,13885,13.885
2019/10/28,13880,13.88
2019/10/29,13865,13.865
2019/10/30,13900,13.9
2019/10/31,13890,13.89
2019/11/1,13945,13.945
2019/11/4,14000,14
2019/11/5,14030,14.03
2019/11/6,14065,14.065
2019/11/7,14205,14.205
2019/11/8,14200,14.2
2019/11/11,14175,14.175
2019/11/12,14060,14.06
2019/11/13,14100,14.1
2019/11/14,14180,14.18
2019/11/15,13890,13.89
2019/11/18,13860,13.86
2019/11/19,13830,13.83
2019/11/20,13880,13.88
2019/11/21,13965,13.965
2019/11/22,13955,13.955
2019/11/25,13945,13.945
2019/11/26,13895,13.895
2019/11/27,13860,13.86
2019/11/28,13895,13.895
2019/11/29,13955,13.955
2019/12/2,14020,14.02
2019/12/3,14035,14.035
2019/12/4,14090,14.09
2019/12/5,14060,14.06
2019/12/6,13995,13.995
2019/12/9,14050,14.05
2019/12/10,14105,14.105
2019/12/11,14110,14.11
2019/12/12,14020,14.02
2019/12/13,14020,14.02
2019/12/16,13930,13.93
2019/12/17,14040,14.04
2019/12/18,14185,14.185
2019/12/19,14295,14.295
2019/12/20,14300,14.3
2019/12/23,14290,14.29
2019/12/24,14395,14.395
2019/12/25,14375,14.375
2019/12/26,14255,14.255
2019/12/27,14305,14.305
2019/12/30,14350,14.35
2019/12/31,14340,14.34
2020/1/2,14410,14.41
2020/1/3,14410,14.41
2020/1/6,14415,14.415
2020/1/7,14300,14.3
2020/1/8,14400,14.4
2020/1/9,14450,14.45
2020/1/10,14525,14.525
2020/1/13,14530,14.53
2020/1/14,14470,14.47
2020/1/15,14700,14.7
2020/1/16,14430,14.43
2020/1/17,14400,14.4
2020/1/20,14285,14.285
2020/1/21,14185,14.185
2020/1/22,14215,14.215
2020/1/23,14175,14.175
2020/2/3,13645,13.645
2020/2/4,13560,13.56
2020/2/5,13590,13.59
2020/2/6,13650,13.65
2020/2/7,13715,13.715
2020/2/10,13675,13.675
2020/2/11,13725,13.725
2020/2/12,13695,13.695
2020/2/13,13655,13.655
2020/2/14,13620,13.62
2020/2/17,13570,13.57
2020/2/18,13705,13.705
2020/2/19,13700,13.7
2020/2/20,13655,13.655
2020/2/21,13575,13.575
2020/2/24,13495,13.495
2020/2/25,13490,13.49
2020/2/26,13445,13.445
2020/2/27,13385,13.385
2020/2/28,13060,13.06
2020/3/2,13195,13.195
2020/3/3,13225,13.225
2020/3/4,13130,13.13
2020/3/5,13150,13.15
2020/3/6,13085,13.085
2020/3/9,12795,12.795
2020/3/10,12880,12.88
2020/3/11,12820,12.82
2020/3/12,12750,12.75
2020/3/13,12800,12.8
2020/3/16,12345,12.345
2020/3/17,12685,12.685
2020/3/18,12240,12.24
2020/3/19,11750,11.75
2020/3/20,11945,11.945
2020/3/23,11310,11.31
2020/3/24,11375,11.375
2020/3/25,11700,11.7
2020/3/26,11615,11.615
2020/3/27,11740,11.74
2020/3/30,11500,11.5
2020/3/31,11545,11.545
2020/4/1,11450,11.45
2020/4/2,11490,11.49
2020/4/3,11560,11.56
2020/4/7,11610,11.61
2020/4/8,11615,11.615
2020/4/9,11630,11.63
2020/4/10,11800,11.8
2020/4/13,11755,11.755
2020/4/14,11780,11.78
2020/4/15,11960,11.96
2020/4/16,12110,12.11
2020/4/17,12430,12.43
2020/4/20,12395,12.395
2020/4/21,12180,12.18
2020/4/22,12265,12.265
2020/4/23,12300,12.3
2020/4/24,12375,12.375
2020/4/27,12440,12.44
2020/4/28,12555,12.555
2020/4/29,12770,12.77
2020/4/30,12760,12.76
2020/5/6,12900,12.9
2020/5/7,12745,12.745
2020/5/8,12785,12.785
2020/5/11,12960,12.96
2020/5/12,12950,12.95
2020/5/13,12825,12.825
2020/5/14,12950,12.95
2020/5/15,13015,13.015
2020/5/18,13075,13.075
2020/5/19,13160,13.16
2020/5/20,13225,13.225
2020/5/21,13040,13.04
2020/5/22,13055,13.055
2020/5/25,13175,13.175
2020/5/26,13235,13.235
2020/5/27,13260,13.26
2020/5/28,13355,13.355
2020/5/29,13425,13.425
2020/6/1,13365,13.365
2020/6/2,13265,13.265
2020/6/3,13345,13.345
2020/6/4,13400,13.4
2020/6/5,13415,13.415
2020/6/8,13680,13.68
2020/6/9,13855,13.855
2020/6/10,13920,13.92
2020/6/11,13800,13.8
2020/6/12,13930,13.93
2020/6/15,13790,13.79
2020/6/16,13875,13.875
2020/6/17,13840,13.84
2020/6/18,13745,13.745
2020/6/19,13795,13.795
2020/6/22,13865,13.865
2020/6/23,13810,13.81
2020/6/24,13770,13.77
2020/6/29,13940,13.94
2020/6/30,14070,14.07
2020/7/1,14280,14.28
2020/7/2,14210,14.21
2020/7/3,14340,14.34
2020/7/6,14395,14.395
2020/7/7,14350,14.35
2020/7/8,14360,14.36
2020/7/9,14545,14.545
2020/7/10,14815,14.815
2020/7/13,15185,15.185
2020/7/14,14830,14.83
2020/7/15,14665,14.665
2020/7/16,13975,13.975
2020/7/17,14155,14.155
2020/7/20,14245,14.245
2020/7/21,14245,14.245
2020/7/22,14390,14.39
2020/7/23,14395,14.395
2020/7/24,14405,14.405
2020/7/27,14440,14.44
2020/7/28,14525,14.525
2020/7/29,14705,14.705
2020/7/30,14950,14.95
2020/7/31,14925,14.925
2020/8/3,14850,14.85
2020/8/4,14920,14.92
2020/8/5,14770,14.77
2020/8/6,14630,14.63
2020/8/7,14710,14.71
2020/8/10,14475,14.475
2020/8/11,14315,14.315
2020/8/12,14330,14.33
2020/8/13,14475,14.475
2020/8/14,14500,14.5
2020/8/17,14550,14.55
2020/8/18,14435,14.435
2020/8/19,14635,14.635
2020/8/20,14675,14.675
2020/8/21,14710,14.71
2020/8/24,14755,14.755
2020/8/25,14590,14.59
2020/8/26,14765,14.765
2020/8/27,14650,14.65
2020/8/28,14695,14.695
2020/8/31,14635,14.635
2020/9/1,14650,14.65
2020/9/2,14580,14.58
2020/9/3,14420,14.42
2020/9/4,14390,14.39
2020/9/7,14600,14.6
2020/9/8,14595,14.595
2020/9/9,14500,14.5
2020/9/10,14510,14.51
2020/9/11,14460,14.46
2020/9/14,14570,14.57
2020/9/15,14630,14.63
2020/9/16,14550,14.55
2020/9/17,14505,14.505
2020/9/18,14640,14.64
2020/9/21,14665,14.665
2020/9/22,14525,14.525
2020/9/23,14345,14.345
2020/9/24,13940,13.94
2020/9/25,14090,14.09
2020/9/28,14295,14.295
2020/9/29,14400,14.4
2020/9/30,14385,14.385
2020/10/9,14675,14.675
2020/10/12,14805,14.805
2020/10/13,14835,14.835
2020/10/14,14875,14.875
2020/10/15,15000,15
2020/10/16,14710,14.71
2020/10/19,14800,14.8
2020/10/20,14750,14.75
2020/10/21,14720,14.72
2020/10/22,14725,14.725
2020/10/23,14725,14.725
2020/10/26,14740,14.74
2020/10/27,14715,14.715
2020/10/28,14585,14.585
2020/10/29,14630,14.63
2020/10/30,14625,14.625
2020/11/2,14950,14.95
2020/11/3,14950,14.95
2020/11/4,14945,14.945
2020/11/5,15045,15.045
2020/11/6,15045,15.045
2020/11/9,15115,15.115
2020/11/10,15215,15.215
2020/11/11,15395,15.395
2020/11/12,15550,15.55
2020/11/13,15700,15.7
2020/11/16,15550,15.55
2020/11/17,15390,15.39
2020/11/18,15785,15.785
2020/11/19,15755,15.755
2020/11/20,15960,15.96
2020/11/23,15865,15.865
2020/11/24,15880,15.88
2020/11/25,16060,16.06
2020/11/26,16005,16.005
2020/11/27,16240,16.24
2020/11/30,16720,16.72
2020/12/1,16820,16.82
2020/12/2,17000,17
2020/12/3,16405,16.405
2020/12/4,16555,16.555
2020/12/7,16285,16.285
2020/12/8,16310,16.31
2020/12/9,16200,16.2
2020/12/10,16505,16.505
2020/12/11,16315,16.315
2020/12/14,16450,16.45
2020/12/15,16435,16.435
2020/12/16,16370,16.37
2020/12/17,16515,16.515
2020/12/18,16780,16.78
2020/12/21,16280,16.28
2020/12/22,15840,15.84
2020/12/23,15890,15.89
2020/12/24,16100,16.1
2020/12/25,16980,16.98
2020/12/28,15805,15.805
2020/12/29,15570,15.57
2020/12/30,15710,15.71
2020/12/31,15680,15.68
2021/1/4,15615,15.615
2021/1/5,15575,15.575
2021/1/6,15585,15.585
2021/1/7,15530,15.53
2021/1/8,15530,15.53
2021/1/11,15230,15.23
2021/1/12,15135,15.135
2021/1/13,14735,14.735
2021/1/14,14795,14.795
2021/1/15,14920,14.92
2021/1/18,14960,14.96
2021/1/19,14760,14.76
2021/1/20,14810,14.81
2021/1/21,14965,14.965
2021/1/22,14900,14.9
2021/1/25,14965,14.965
2021/1/26,14850,14.85
2021/1/27,14900,14.9
2021/1/28,14865,14.865
2021/1/29,15020,15.02
2021/2/1,15270,15.27
2021/2/2,15060,15.06
2021/2/3,15080,15.08
2021/2/4,15355,15.355
2021/2/5,15480,15.48
2021/2/8,15780,15.78
2021/2/9,15865,15.865
2021/2/10,15900,15.9
2021/2/18,16510,16.51
2021/2/19,16485,16.485
2021/2/22,16715,16.715
2021/2/23,16720,16.72
2021/2/24,16670,16.67
2021/2/25,17480,17.48
2021/2/26,17465,17.465
2021/3/1,17035,17.035
2021/3/2,16915,16.915
2021/3/3,17640,17.64
2021/3/4,17200,17.2
2021/3/5,17265,17.265
2021/3/8,17330,17.33
2021/3/9,17060,17.06
2021/3/10,17225,17.225
2021/3/11,17600,17.6
2021/3/12,17305,17.305
2021/3/15,17625,17.625
2021/3/16,17630,17.63
2021/3/17,17740,17.74
2021/3/18,17500,17.5
2021/3/19,17430,17.43
2021/3/22,17540,17.54
2021/3/23,17100,17.1
2021/3/24,17120,17.12
2021/3/25,17090,17.09
2021/3/26,17425,17.425
2021/3/29,17425,17.425
2021/3/30,17370,17.37
2021/3/31,17200,17.2
2021/4/1,17440,17.44
2021/4/2,17505,17.505
2021/4/6,17530,17.53
2021/4/7,17460,17.46
2021/4/8,17535,17.535
2021/4/9,17500,17.5
2021/4/12,17390,17.39
2021/4/13,17750,17.75
2021/4/14,17885,17.885
2021/4/15,18425,18.425
2021/4/16,18005,18.005
2021/4/19,18220,18.22
2021/4/20,18095,18.095
2021/4/21,18010,18.01
2021/4/22,18095,18.095
2021/4/23,18340,18.34
2021/4/26,18355,18.355
2021/4/27,18595,18.595
2021/4/28,18480,18.48
2021/4/29,18860,18.86
2021/4/30,19000,19
2021/5/6,19330,19.33
2021/5/7,19850,19.85
2021/5/10,20400,20.4
2021/5/11,19915,19.915
2021/5/12,19980,19.98
2021/5/13,19645,19.645
2021/5/14,19350,19.35
2021/5/17,19690,19.69
2021/5/18,19715,19.715
2021/5/19,19290,19.29
2021/5/20,19125,19.125
2021/5/21,18715,18.715
2021/5/24,18110,18.11
2021/5/25,18395,18.395
2021/5/26,18235,18.235
2021/5/27,18500,18.5
2021/5/28,18675,18.675
2021/5/31,18790,18.79
2021/6/1,18880,18.88
2021/6/2,18610,18.61
2021/6/3,18440,18.44
2021/6/4,18310,18.31
2021/6/7,18455,18.455
2021/6/8,18285,18.285
2021/6/9,18410,18.41
2021/6/10,18460,18.46
2021/6/11,19185,19.185
2021/6/15,19100,19.1
2021/6/16,18590,18.59
2021/6/17,18690,18.69
2021/6/18,18380,18.38
2021/6/21,18280,18.28
2021/6/22,18625,18.625
2021/6/23,18725,18.725
2021/6/24,18650,18.65
2021/6/25,18945,18.945
2021/6/28,18890,18.89
2021/6/29,18805,18.805
2021/6/30,18805,18.805
2021/7/1,18640,18.64
2021/7/2,18890,18.89
2021/7/5,19230,19.23
2021/7/6,19125,19.125
2021/7/7,18945,18.945
2021/7/8,18790,18.79
2021/7/9,18900,18.9
2021/7/12,19075,19.075
2021/7/13,19280,19.28
2021/7/14,19460,19.46
2021/7/15,19375,19.375
2021/7/16,19470,19.47
2021/7/19,19275,19.275
2021/7/20,19075,19.075
2021/7/21,18875,18.875
2021/7/22,19120,19.12
2021/7/23,19340,19.34
2021/7/26,19520,19.52
2021/7/27,19515,19.515
2021/7/28,19360,19.36
2021/7/29,19660,19.66
2021/7/30,20075,20.075
2021/8/2,19935,19.935
2021/8/3,19740,19.74
2021/8/4,19770,19.77
2021/8/5,19780,19.78
2021/8/6,19940,19.94
2021/8/9,19920,19.92
2021/8/10,19935,19.935
2021/8/11,20095,20.095
2021/8/12,20100,20.1
2021/8/13,20105,20.105
2021/8/16,20180,20.18
2021/8/17,20515,20.515
2021/8/18,20190,20.19
2021/8/19,19955,19.955
2021/8/20,20115,20.115
2021/8/23,20370,20.37
2021/8/24,20415,20.415
2021/8/25,20590,20.59
2021/8/26,20410,20.41
2021/8/27,20895,20.895
2021/8/30,21505,21.505
2021/8/31,21400,21.4
2021/9/1,21105,21.105
2021/9/2,21475,21.475
2021/9/3,21280,21.28
2021/9/6,21815,21.815
2021/9/7,21810,21.81
2021/9/8,22040,22.04
2021/9/9,22525,22.525
2021/9/10,22730,22.73
2021/9/13,23690,23.69
2021/9/14,22480,22.48
2021/9/15,22490,22.49
2021/9/16,22495,22.495
2021/9/17,22610,22.61
2021/9/22,23080,23.08
2021/9/23,23500,23.5
2021/9/24,23115,23.115
2021/9/27,22760,22.76
2021/9/28,22680,22.68
2021/9/29,22900,22.9
2021/9/30,22630,22.63
2021/10/8,22835,22.835
2021/10/11,23125,23.125
2021/10/12,23525,23.525
2021/10/13,23655,23.655
2021/10/14,23700,23.7
2021/10/15,24300,24.3
2021/10/18,24695,24.695
2021/10/19,24340,24.34
2021/10/20,22805,22.805
2021/10/21,22900,22.9
2021/10/22,21540,21.54
2021/10/25,21630,21.63
2021/10/26,21200,21.2
2021/10/27,20115,20.115
2021/10/28,19890,19.89
2021/10/29,19950,19.95
2021/11/1,20100,20.1
2021/11/2,20080,20.08
2021/11/3,20380,20.38
2021/11/4,19820,19.82
2021/11/5,18635,18.635
2021/11/8,18980,18.98
2021/11/9,18960,18.96
2021/11/10,18860,18.86
2021/11/11,19280,19.28
2021/11/12,19310,19.31
2021/11/15,19170,19.17
2021/11/16,18680,18.68
2021/11/17,18625,18.625
2021/11/18,18465,18.465
2021/11/19,19180,19.18
2021/11/22,19080,19.08
2021/11/23,19110,19.11
2021/11/24,19220,19.22
2021/11/25,19530,19.53
2021/11/26,18965,18.965
2021/11/29,18985,18.985
2021/11/30,18850,18.85
2021/12/1,19125,19.125
2021/12/2,18805,18.805
2021/12/3,19005,19.005
2021/12/6,18830,18.83
2021/12/7,18780,18.78
2021/12/8,18870,18.87
2021/12/9,18770,18.77
2021/12/10,18870,18.87
2021/12/13,19180,19.18
2021/12/14,19195,19.195
2021/12/15,18980,18.98
2021/12/16,19205,19.205
2021/12/17,19720,19.72
2021/12/20,19605,19.605
2021/12/21,19600,19.6
2021/12/22,20045,20.045
2021/12/23,20260,20.26
2021/12/24,20145,20.145
2021/12/27,19650,19.65
2021/12/28,19835,19.835
2021/12/29,19895,19.895
2021/12/30,20435,20.435
2021/12/31,20400,20.4
2022/1/4,20270,20.27
2022/1/5,20375,20.375
2022/1/6,20750,20.75
2022/1/7,21140,21.14
2022/1/10,21275,21.275
2022/1/11,21535,21.535
2022/1/12,21630,21.63
2022/1/13,21555,21.555
2022/1/14,21240,21.24
2022/1/17,21170,21.17
2022/1/18,21290,21.29
2022/1/19,21530,21.53
2022/1/20,21470,21.47
2022/1/21,21405,21.405
2022/1/24,21015,21.015
2022/1/25,21050,21.05
2022/1/26,21510,21.51
2022/1/27,21545,21.545
2022/1/28,22415,22.415
2022/2/7,22320,22.32
2022/2/8,22825,22.825
2022/2/9,22925,22.925
2022/2/10,23380,23.38
2022/2/11,22780,22.78
2022/2/14,22775,22.775
2022/2/15,22680,22.68
2022/2/16,22615,22.615
2022/2/17,22585,22.585
2022/2/18,22840,22.84
2022/2/21,22595,22.595
2022/2/22,22930,22.93
2022/2/23,22780,22.78
2022/2/24,22915,22.915
2022/2/25,22515,22.515
2022/2/28,22900,22.9
2022/3/1,22720,22.72
2022/3/2,22975,22.975
2022/3/3,23760,23.76
2022/3/4,23545,23.545
2022/3/7,24160,24.16
2022/3/8,23100,23.1
2022/3/9,21900,21.9
2022/3/10,21760,21.76
2022/3/11,22030,22.03
2022/3/14,21850,21.85
2022/3/15,21630,21.63
2022/3/16,21960,21.96
2022/3/17,22200,22.2
2022/3/18,22810,22.81
2022/3/21,23085,23.085
2022/3/22,22930,22.93
2022/3/23,23070,23.07
2022/3/24,23170,23.17
2022/3/25,23060,23.06
2022/3/28,23010,23.01
2022/3/29,22945,22.945
2022/3/30,22910,22.91
2022/3/31,22750,22.75
2022/4/1,22660,22.66
2022/4/6,22540,22.54
2022/4/7,21875,21.875
2022/4/8,21850,21.85
2022/4/11,21010,21.01
2022/4/12,21060,21.06
2022/4/13,21290,21.29
2022/4/14,21430,21.43
2022/4/15,21820,21.82
2022/4/18,21840,21.84
2022/4/19,21920,21.92
2022/4/20,21790,21.79
2022/4/21,21770,21.77
2022/4/22,21905,21.905
2022/4/25,20715,20.715
2022/4/26,20720,20.72
2022/4/27,20750,20.75
2022/4/28,20925,20.925
2022/4/29,20900,20.9
2022/5/5,20535,20.535
2022/5/6,20025,20.025
2022/5/9,19800,19.8
2022/5/10,19890,19.89
2022/5/11,20300,20.3
2022/5/12,20210,20.21
2022/5/13,20330,20.33
2022/5/16,20540,20.54
2022/5/17,20300,20.3
2022/5/18,20360,20.36
2022/5/19,20560,20.56
2022/5/20,20820,20.82
2022/5/23,20870,20.87
2022/5/24,20465,20.465
2022/5/25,20495,20.495
2022/5/26,20515,20.515
2022/5/27,20790,20.79
2022/5/30,20775,20.775
2022/5/31,20775,20.775
2022/6/1,20325,20.325
2022/6/2,20700,20.7
2022/6/6,20970,20.97
2022/6/7,20800,20.8
2022/6/8,20750,20.75
2022/6/9,20830,20.83
2022/6/10,20585,20.585
2022/6/13,20030,20.03
2022/6/14,19955,19.955
2022/6/15,19815,19.815
2022/6/16,20005,20.005
2022/6/17,19805,19.805
2022/6/20,19510,19.51
2022/6/21,19780,19.78
2022/6/22,19430,19.43
2022/6/23,19485,19.485
2022/6/24,18970,18.97
2022/6/27,19205,19.205
2022/6/28,19475,19.475
2022/6/29,19305,19.305
2022/6/30,19110,19.11
2022/7/1,19000,19
2022/7/4,19055,19.055
2022/7/5,18540,18.54
2022/7/6,18400,18.4
2022/7/7,18450,18.45
2022/7/8,18500,18.5
2022/7/11,18250,18.25
2022/7/12,17650,17.65
2022/7/13,17265,17.265
2022/7/14,17295,17.295
2022/7/15,17245,17.245
2022/7/18,17830,17.83
2022/7/19,17960,17.96
2022/7/20,17905,17.905
2022/7/21,17945,17.945
2022/7/22,17995,17.995
2022/7/25,17810,17.81
2022/7/26,18030,18.03
2022/7/27,18080,18.08
2022/7/28,18775,18.775
2022/7/29,18795,18.795
2022/8/1,18270,18.27
2022/8/2,18190,18.19
2022/8/3,18350,18.35
2022/8/4,18410,18.41
2022/8/5,18700,18.7
2022/8/8,18565,18.565
2022/8/9,18765,18.765
2022/8/10,18915,18.915
2022/8/11,19020,19.02
2022/8/12,19045,19.045
2022/8/15,18040,18.04
2022/8/16,18225,18.225
2022/8/17,18660,18.66
2022/8/18,18330,18.33
2022/8/19,18425,18.425
2022/8/22,18580,18.58
2022/8/23,18685,18.685
2022/8/24,19090,19.09
2022/8/25,18910,18.91
2022/8/26,18860,18.86
2022/8/29,18725,18.725
2022/8/30,18430,18.43
2022/8/31,18550,18.55
2022/9/1,18080,18.08
2022/9/2,18230,18.23
2022/9/5,18485,18.485
2022/9/6,18590,18.59
2022/9/7,18390,18.39
2022/9/8,18650,18.65
2022/9/9,18985,18.985
2022/9/13,18760,18.76
2022/9/14,18580,18.58
2022/9/15,18900,18.9
2022/9/16,18735,18.735
2022/9/19,18710,18.71
2022/9/20,18650,18.65
2022/9/21,18670,18.67
2022/9/22,18685,18.685
2022/9/23,18630,18.63
2022/9/26,18075,18.075
2022/9/27,18265,18.265
2022/9/28,18005,18.005
2022/9/29,18170,18.17
2022/9/30,18320,18.32
2022/10/10,18650,18.65
2022/10/11,18560,18.56
2022/10/12,18490,18.49
2022/10/13,18550,18.55
2022/10/14,18950,18.95
2022/10/17,18490,18.49
2022/10/18,18315,18.315
2022/10/19,18305,18.305
2022/10/20,18460,18.46
2022/10/21,18535,18.535
2022/10/24,18575,18.575
2022/10/25,18530,18.53
2022/10/26,18685,18.685
2022/10/27,18565,18.565
2022/10/28,18215,18.215
2022/10/31,17650,17.65
2022/11/1,18070,18.07
2022/11/2,17985,17.985
2022/11/3,18205,18.205
2022/11/4,18480,18.48
2022/11/7,18390,18.39
2022/11/8,18550,18.55
2022/11/9,18720,18.72
2022/11/10,18650,18.65
2022/11/11,18840,18.84
2022/11/14,18845,18.845
2022/11/15,18910,18.91
2022/11/16,18895,18.895
2022/11/17,19015,19.015
2022/11/18,19200,19.2
2022/11/21,18945,18.945
2022/11/22,18875,18.875
2022/11/23,18895,18.895
2022/11/24,19055,19.055
2022/11/25,18925,18.925
